attack,base_egg_steps,base_total,defense,experience_growth,height_m,hp,weight_kg,sp_attack,sp_defense,speed,tot_abilities,generation,is_legendary,name,type
78,5120,405,95,1059860,0.7,61,29,56,58,57,2,6,0,Bulbasaur,grass_poison
60,5120,330,60,1000000,0.5,90,33.5,40,40,40,2,2,0,Ivysaur,grass_poison
89,5120,500,116,1000000,1.3,67,187,79,116,33,3,4,0,Venusaur,grass_poison
95,5120,405,80,1000000,1,60,29.5,60,80,30,3,1,0,Charmander,fire_fire
82,5120,338,57,1000000,0.6,47,7,42,47,63,3,7,0,Charmeleon,fire_fire
94,5120,489,131,1000000,1,74,110,54,116,20,2,5,0,Charizard,fire_flying
90,5120,440,70,1059860,1,60,22,60,120,40,2,3,0,Squirtle,water_water
70,2560,483,73,800000,1.3,95,40,95,90,60,3,1,0,Wartortle,water_water
53,5120,316,48,1000000,0.6,50,11,53,48,64,2,5,0,Blastoise,water_water
77,7680,521,72,1000000,2.7,123,225,99,92,58,2,6,0,Caterpie,bug_bug
90,10240,485,130,1250000,1,100,23.4,45,65,55,3,3,0,Metapod,bug_bug
65,5120,600,80,1059860,1.5,60,40.5,170,95,130,1,1,0,Butterfree,bug_flying
40,5120,370,50,1059860,0.6,65,8,125,60,30,3,5,0,Weedle,bug_poison
92,5120,505,87,1059860,1.3,90,60,75,85,76,3,1,0,Kakuna,bug_poison
132,5120,594,105,1250000,2.2,90,135.5,132,105,30,2,4,0,Beedrill,bug_poison
80,7680,498,44,1640000,1.2,150,15,90,54,80,3,4,0,Pidgey,normal_flying
95,5120,448,69,1000000,3.5,60,65,65,79,80,3,1,0,Pidgeotto,normal_flying
98,2560,435,63,1000000,0.3,65,3.3,40,73,96,3,7,0,Pidgeot,normal_flying
100,5120,497,63,1000000,1.6,75,79.5,80,63,116,3,5,0,Rattata,normal_dark
62,3840,300,45,1000000,0.4,47,4.4,55,45,46,1,7,0,Raticate,normal_dark
90,3840,456,45,600000,0.8,61,12,50,50,160,2,3,0,Spearow,normal_flying
85,10240,535,80,1250000,2.5,130,220,85,95,60,3,1,0,Fearow,normal_flying
105,6400,455,79,1000000,1.4,50,50.2,35,110,76,3,1,0,Ekans,poison_poison
92,5120,482,88,1000000,1.5,86,47,68,75,73,3,6,0,Arbok,poison_poison
102,5120,505,77,1059860,1.4,81,62,85,75,85,3,1,0,Pikachu,electric_electric
35,3840,200,40,1000000,0.3,38,2.5,27,25,35,3,6,0,Raichu,electric_electric
93,5120,479,67,1000000,1,103,38,71,61,84,3,4,0,Sandshrew,ground_ice
55,2560,487,85,800000,1.1,116,60.5,107,95,29,3,5,0,Sandslash,ground_ice
45,3840,323,43,1000000,0.4,65,2.1,55,43,72,3,5,0,Nidoran♀,poison_poison
30,5120,275,55,1059860,0.3,50,3.1,65,55,20,3,5,0,Nidorina,poison_poison
45,5120,340,50,1059860,0.6,55,1,45,65,80,3,2,0,Nidoqueen,poison_ground
70,3840,480,70,1059860,1.5,80,55,90,100,70,3,3,0,Nidoran♂,poison_poison
110,5120,555,80,1250000,1.9,90,155,100,80,95,3,1,0,Nidorino,poison_poison
110,5120,630,75,1059860,1.7,70,52.2,145,85,145,2,3,0,Nidoking,poison_ground
85,5120,420,69,1000000,1.1,60,27,60,69,77,3,5,0,Clefairy,fairy_fairy
55,5120,275,40,1250000,0.2,35,0.3,45,40,60,1,5,0,Clefable,fairy_fairy
170,10240,700,115,1250000,1.9,108,95,120,95,92,2,4,0,Vulpix,fire_ice
50,5120,300,40,1059860,0.6,40,12.4,40,40,90,3,1,0,Ninetales,fire_ice
80,10240,480,80,1250000,0.4,80,3.1,80,80,80,1,4,0,Jigglypuff,normal_fairy
60,5120,540,79,600000,6.2,95,162,100,125,81,3,3,0,Wigglytuff,normal_fairy
73,5120,483,70,1000000,1.6,85,75.6,73,115,67,3,1,0,Zubat,poison_flying
45,5120,295,40,1250000,0.6,40,15.2,65,40,65,3,3,0,Golbat,poison_flying
120,7680,485,90,1000000,1.6,77,139,60,90,48,3,5,0,Oddish,grass_poison
123,5120,510,75,1250000,1.5,100,41,57,75,80,3,5,0,Gloom,grass_poison
105,5120,530,100,1059860,2.3,85,88.8,79,83,78,2,2,0,Vileplume,grass_poison
109,5120,525,105,1059860,2.2,95,310,75,85,56,2,4,0,Paras,bug_grass
59,5120,409,58,1059860,1,59,14.5,90,70,73,2,6,0,Parasect,bug_grass
60,5120,465,95,1000000,1,50,60,120,70,70,3,1,0,Venonat,bug_poison
120,5120,523,79,1059860,1.4,80,42,95,79,70,3,4,0,Venomoth,bug_poison
160,5120,630,80,1059860,1.9,80,52,130,80,100,2,3,0,Diglett,ground_ground
55,5120,305,50,1000000,1,60,30,40,55,45,3,1,0,Dugtrio,ground_ground
47,5120,319,50,1000000,0.1,50,0.6,57,50,65,3,5,0,Meowth,normal_dark
45,3840,251,40,1059860,0.3,40,1.8,35,35,56,3,1,0,Persian,normal_dark
60,5120,440,60,1000000,1.16,65,61,75,65,115,6,1,0,Psyduck,water_water
100,5120,465,85,1000000,1.3,120,55.5,30,85,45,3,5,0,Golduck,water_water
71,3840,413,70,1000000,1.16,75,61,40,80,77,6,1,0,Mankey,fighting_fighting
82,3840,400,95,1000000,0.5,57,10.5,55,75,36,1,7,0,Primeape,fighting_fighting
48,5120,355,54,1000000,0.3,62,3.5,63,60,68,3,6,0,Growlithe,fire_fire
55,3840,320,55,1059860,0.3,68,1.5,50,50,42,2,7,0,Arcanine,fire_fire
75,3840,265,30,1000000,0.3,35,1.2,30,30,65,3,7,0,Poliwag,water_water
30,6400,305,15,1000000,0.4,45,6,85,65,65,3,2,0,Poliwhirl,water_water
165,7680,495,60,600000,1.6,97,102.5,65,50,58,2,4,0,Poliwrath,water_fighting
65,8960,525,60,1000000,0.8,65,24.5,110,95,130,2,1,0,Abra,psychic_psychic
78,5120,405,52,1059860,0.9,64,22,78,52,81,2,4,0,Kadabra,psychic_psychic
95,30720,570,95,1250000,2.3,95,100.5,95,95,95,1,7,0,Alakazam,psychic_psychic
70,5120,360,55,800000,0.8,55,11.5,40,55,85,3,2,0,Machop,fighting_fighting
40,6400,485,70,1250000,2.1,85,220,80,140,70,3,2,0,Machoke,fighting_fighting
55,3840,264,50,1059860,0.3,50,2.1,36,30,43,3,5,0,Machamp,fighting_fighting
63,3840,380,90,1059860,0.5,55,7.3,50,80,42,3,5,0,Bellsprout,grass_poison
68,6400,460,83,1250000,2,99,100,72,87,51,3,3,0,Weepinbell,grass_poison
135,3840,495,105,1000000,1,70,33,60,105,20,3,5,0,Victreebel,grass_poison
30,3840,262,30,1000000,0.7,60,21.2,36,56,50,3,2,0,Tentacool,water_poison
70,3840,420,61,1000000,0.5,78,32.5,50,61,100,3,3,0,Tentacruel,water_poison
80,5120,305,50,1059860,0.8,70,19.5,35,35,35,3,1,0,Geodude,rock_ground
63,5120,405,80,1059860,1,59,22.5,65,80,58,2,1,0,Graveler,rock_ground
65,5120,314,64,1059860,0.6,50,9.5,44,48,43,2,2,0,Golem,rock_ground
35,3840,390,50,800000,1.4,55,35.6,55,110,85,3,2,0,Ponyta,fire_fire
87,10240,320,60,1250000,0.6,46,18,30,40,57,3,5,0,Rapidash,fire_fire
95,6400,540,67,1000000,1.6,75,68,125,95,83,2,4,0,Slowpoke,water_psychic
120,5120,510,65,1059860,1.1,70,34,45,85,125,2,4,0,Slowbro,water_psychic
45,2560,405,70,1000000,0.4,60,3.9,45,90,95,3,4,0,Magnemite,electric_steel
110,3840,418,60,1000000,0.7,88,14.2,55,60,45,3,7,0,Magneton,electric_steel
70,5120,500,105,1000000,1.5,60,108,70,120,75,1,3,0,Farfetch'd,normal_flying
150,3840,495,40,1000000,1,65,29.5,15,80,145,2,1,0,Doduo,normal_flying
20,6400,345,50,1250000,1,45,65,60,120,50,3,4,0,Dodrio,normal_flying
100,6400,525,135,800000,2.2,45,106.6,65,135,45,2,4,0,Seel,water_water
130,5120,475,115,1000000,1.3,55,60,50,50,75,3,1,0,Dewgong,water_ice
35,5120,280,50,1000000,0.5,45,6.6,70,50,30,3,5,0,Grimer,poison_poison
40,5120,405,50,1000000,0.4,60,4.2,75,85,95,2,3,0,Muk,poison_poison
53,3840,310,70,1059860,0.3,45,2.5,40,60,42,3,5,0,Shellder,water_water
41,5120,299,40,1000000,1.16,38,61,50,65,65,4,1,0,Cloyster,water_ice
62,5120,334,50,1250000,1,60,50.5,62,60,40,2,4,0,Gastly,ghost_poison
164,10240,700,150,1250000,2,100,202,95,120,71,2,2,0,Haunter,ghost_poison
90,3840,488,115,1000000,1.1,65,30,45,115,58,3,5,0,Gengar,ghost_poison
50,5120,320,95,1000000,0.4,50,6.5,40,50,35,3,1,0,Onix,rock_ground
60,5120,395,70,1000000,0.8,65,36.5,85,75,40,3,1,0,Drowzee,psychic_psychic
110,5120,490,95,1000000,1.6,95,94.6,40,95,55,3,5,0,Hypno,psychic_psychic
130,5120,500,75,1000000,1.8,90,125.8,75,75,55,3,2,0,Krabby,water_water
60,5120,288,44,1000000,2,35,6.9,40,54,55,3,1,0,Kingler,water_water
85,5120,470,140,1000000,0.5,70,80.4,85,70,20,3,3,0,Voltorb,electric_electric
35,5120,325,70,1000000,0.3,25,6,95,55,45,3,1,0,Electrode,electric_electric
125,5120,590,100,1000000,2.2,105,80,60,100,100,3,1,0,Exeggcute,grass_psychic
70,6400,285,40,1059860,0.7,40,20.2,35,40,60,3,4,0,Exeggutor,grass_psychic
30,5120,270,30,1000000,0.6,40,9.5,55,30,85,3,3,0,Cubone,ground_ground
60,5120,305,40,1000000,0.7,60,24,65,45,35,3,3,0,Marowak,ground_fire
75,10240,420,90,1250000,1.2,55,47,65,70,65,3,7,0,Hitmonlee,fighting_fighting
73,5120,467,83,1640000,1.7,100,80,73,83,55,3,3,0,Hitmonchan,fighting_fighting
58,5120,309,44,1059860,0.5,44,6.2,58,44,61,2,4,0,Lickitung,normal_normal
56,5120,314,40,1059860,0.3,41,7,62,44,71,2,6,0,Koffing,poison_poison
100,5120,485,89,1059860,2.5,60,200.5,55,69,112,3,5,0,Weezing,poison_poison
88,5120,446,50,1000000,1.1,64,37.5,88,50,106,3,5,0,Rhyhorn,ground_rock
75,3840,280,85,1059860,0.4,55,18,25,25,15,3,5,0,Rhydon,ground_rock
45,2560,270,20,800000,0.5,115,5.5,45,25,20,3,1,0,Chansey,normal_normal
30,3840,195,35,1000000,0.3,45,2.9,20,20,45,2,1,0,Tangela,grass_grass
80,3840,308,65,1640000,0.6,43,11.5,50,35,35,3,3,0,Kangaskhan,normal_normal
70,3840,253,30,1000000,0.4,48,6,30,30,45,3,7,0,Horsea,water_water
25,3840,205,50,1000000,0.6,45,10,25,25,35,1,1,0,Seadra,water_water
60,3840,454,62,1000000,0.8,70,3.6,100,82,80,2,3,0,Goldeen,water_water
50,5120,250,40,1250000,0.4,50,6.5,30,30,50,3,2,0,Seaking,water_water
70,5120,350,45,1250000,0.7,55,19,70,50,60,3,1,0,Staryu,water_water
48,5120,288,43,1000000,0.4,50,1.9,46,41,60,3,3,0,Starmie,water_psychic
75,6400,295,35,800000,0.6,44,2.3,63,33,45,3,3,0,Mr. Mime,psychic_fairy
82,5120,452,64,800000,1,71,43.8,64,59,112,3,4,0,Scyther,bug_flying
70,10240,300,45,1250000,0.7,58,20.5,40,45,42,2,4,0,Jynx,ice_psychic
82,5120,525,100,1059860,1.8,80,100.5,83,100,80,2,2,0,Electabuzz,electric_electric
61,5120,313,65,1059860,0.4,56,9,48,45,38,2,6,0,Magmar,fire_fire
107,3840,530,75,1059860,1.6,78,36.6,100,100,70,2,7,0,Pinsir,bug_bug
64,10240,300,45,1250000,1.8,41,3.3,50,50,50,2,1,0,Tauros,normal_normal
95,5120,474,82,1000000,1.9,80,107.3,60,82,75,3,5,0,Magikarp,water_water
105,5120,500,115,1000000,1.3,72,96,54,86,68,3,6,0,Gyarados,water_flying
45,5120,470,65,800000,0.9,80,71.5,90,110,80,3,3,0,Lapras,water_ice
140,7680,567,65,1000000,1.4,75,32,112,65,110,1,5,0,Ditto,normal_normal
45,3840,195,35,1000000,0.3,45,3.6,20,30,20,2,3,0,Eevee,normal_normal
125,6400,510,60,1059860,1.4,65,35.5,95,60,105,3,5,0,Vaporeon,water_water
57,3840,425,55,1000000,0.9,67,10.5,77,55,114,3,5,0,Jolteon,electric_electric
80,3840,455,70,1000000,1.6,75,55,65,75,90,2,1,0,Flareon,fire_fire
35,5120,250,40,1059860,0.4,35,0.5,35,55,50,3,2,0,Porygon,normal_normal
80,5120,480,70,1000000,1.3,70,26.6,80,70,110,2,4,0,Omanyte,rock_water
75,5120,485,75,1000000,1,75,34.5,125,95,40,3,5,0,Omastar,rock_water
69,5120,534,72,1059860,1.5,75,39,114,100,104,2,6,0,Kabuto,rock_water
85,5120,405,70,1250000,1.2,65,22,75,70,40,1,5,0,Kabutops,rock_water
50,3840,385,70,1000000,1.2,60,31.6,50,90,65,2,3,0,Aerodactyl,rock_flying
75,5120,590,180,1000000,1.6,95,78.5,130,80,30,3,1,0,Snorlax,normal_normal
120,5120,510,98,1059860,1.2,72,21.4,50,98,72,3,7,0,Articuno,ice_flying
100,5120,482,66,800000,1.2,75,20.3,60,66,115,3,4,0,Zapdos,electric_flying
80,5120,300,50,800000,0.6,60,7.8,40,40,30,3,2,0,Moltres,fire_flying
48,5120,341,66,1000000,0.4,62,3.5,59,57,49,2,6,0,Dratini,dragon_dragon
100,5120,490,95,1250000,1.4,75,88.4,40,70,110,3,1,0,Dragonair,dragon_dragon
49,5120,318,65,1059860,0.9,45,6.4,49,65,45,2,2,0,Dragonite,dragon_flying
85,5120,618,65,1250000,1.6,68,48.4,165,135,100,3,3,0,Mewtwo,psychic_psychic
70,5120,476,70,1000000,0.6,75,3.4,98,70,93,1,7,0,Mew,psychic_psychic
72,5120,292,35,1059860,0.7,50,15.2,35,35,65,3,5,0,Chikorita,grass_grass
80,6400,465,140,1250000,1.7,65,50.5,40,70,70,3,2,0,Bayleef,grass_grass
65,5120,385,65,1059860,1,65,20,50,50,90,3,1,0,Meganium,grass_grass
130,5120,485,120,1250000,1.9,105,120,45,45,40,3,1,0,Cyndaquil,fire_fire
140,5120,505,95,1059860,1.4,105,87,55,65,45,3,5,0,Quilava,fire_fire
55,5120,481,52,1000000,1,62,21,109,94,109,3,6,0,Typhlosion,fire_fire
121,7680,521,119,1000000,2.5,82,270,69,59,71,2,6,0,Totodile,water_water
85,3840,455,60,1059860,0.7,60,19.8,75,50,125,2,3,0,Croconaw,water_water
145,5120,640,67,1059860,1.5,72,40,153,71,132,3,6,0,Feraligatr,water_water
75,5120,500,75,1059860,1.1,90,33.9,90,100,70,3,2,0,Sentret,normal_normal
30,5120,330,55,800000,0.6,43,8.7,40,65,97,2,3,0,Furret,normal_normal
155,1280,640,109,1250000,6.5,95,235,70,130,81,2,1,0,Hoothoot,normal_flying
78,5120,468,73,1000000,0.9,110,23.6,76,71,60,3,3,0,Noctowl,normal_flying
45,3840,245,35,1000000,0.8,40,7.5,30,40,55,2,1,0,Ledyba,bug_flying
140,5120,535,130,1250000,2.4,115,282.8,55,55,40,3,4,0,Ledian,bug_flying
130,8960,525,60,1000000,0.9,65,25,95,110,65,2,1,0,Spinarak,bug_poison
90,5120,315,45,1059860,0.6,70,37.5,15,45,50,2,5,0,Ariados,bug_poison
150,6400,565,60,1059860,1.2,65,47,115,60,115,3,3,0,Crobat,poison_flying
44,5120,305,50,1000000,0.5,62,5.5,44,50,55,3,5,0,Chinchou,water_electric
65,5120,411,45,1059860,0.5,76,1.9,92,42,91,3,4,0,Lanturn,water_electric
85,5120,328,40,1000000,0.3,60,8.5,30,45,68,3,5,0,Pichu,electric_electric
64,5120,405,58,1059860,1.1,58,19,80,65,80,2,1,0,Cleffa,fairy_fairy
72,10240,336,48,1000000,0.5,48,5,72,48,48,1,2,0,Igglybuff,normal_fairy
115,5120,458,60,600000,1.3,73,40.3,60,60,90,2,3,0,Togepi,fairy_fairy
65,10240,300,50,1250000,0.8,52,17.3,45,50,38,1,5,0,Togetic,fairy_flying
90,3840,535,80,1000000,1.8,85,75,70,80,130,2,2,0,Natu,psychic_flying
55,5120,310,42,800000,0.5,49,3.9,42,37,85,3,4,0,Xatu,psychic_flying
95,6400,460,85,800000,1.2,90,154,55,65,70,1,3,0,Mareep,electric_electric
63,5120,308,45,1059860,0.5,65,9.9,45,45,45,2,5,0,Flaaffy,electric_electric
55,5120,464,60,1000000,0.2,60,0.5,95,70,124,3,7,0,Ampharos,electric_electric
70,8960,330,100,1250000,0.4,50,60,40,40,30,3,3,0,Bellossom,grass_grass
75,5120,300,35,1059860,0.7,50,4,70,30,40,2,1,0,Marill,water_fairy
104,5120,534,71,1059860,1.2,76,55,104,71,108,2,4,0,Azumarill,water_fairy
65,5120,384,55,1059860,0.8,75,17,65,55,69,3,5,0,Sudowoodo,rock_rock
65,5120,305,100,1250000,0.3,30,4,45,25,40,3,1,0,Politoed,water_water
80,5120,490,85,1059860,1.2,75,18.6,110,90,50,2,1,0,Hoppip,grass_flying
98,5120,498,63,1000000,1,75,29,98,63,101,2,5,0,Skiploom,grass_flying
50,10240,300,35,1250000,0.3,45,2.8,55,75,40,3,6,0,Jumpluff,grass_flying
120,6400,455,53,1000000,1.5,50,49.8,35,110,87,3,1,0,Aipom,normal_normal
5,10240,220,5,800000,0.6,100,24.4,15,65,30,3,4,0,Sunkern,grass_grass
105,5120,510,60,1059860,1.6,60,81.1,120,60,105,1,5,0,Sunflora,grass_grass
20,5120,310,15,1059860,0.9,25,19.5,105,55,90,3,1,0,Yanma,bug_flying
131,6400,517,100,1000000,3.9,70,210,86,90,40,1,7,0,Wooper,water_ground
60,3840,410,130,800000,0.3,55,1.2,30,130,5,2,7,0,Quagsire,water_ground
50,6400,483,145,1000000,1.7,58,76.5,95,105,30,1,5,0,Espeon,psychic_psychic
30,5120,540,105,1059860,1.3,105,92.9,140,105,55,2,5,0,Umbreon,dark_dark
73,3840,500,88,1250000,1.3,71,35.3,120,89,59,1,6,0,Murkrow,dark_flying
78,5120,485,135,1000000,2,60,212,91,85,36,1,7,0,Slowking,water_psychic
85,6400,350,50,1059860,0.9,45,20,55,50,65,3,5,0,Misdreavus,ghost_ghost
52,3840,411,50,1000000,1.2,80,17,90,50,89,3,6,0,Unown,psychic_psychic
84,5120,485,105,600000,1.8,55,22.6,114,75,52,2,3,0,Wobbuffet,psychic_psychic
65,5120,405,45,1059860,0.9,50,21.6,85,65,95,2,3,0,Girafarig,normal_psychic
60,5120,545,126,800000,1.1,103,31,80,126,50,3,5,0,Pineco,bug_bug
68,5120,507,72,1059860,1.5,86,81.5,109,66,106,3,6,0,Forretress,bug_steel
115,5120,475,60,1059860,1.3,70,77.4,115,60,55,2,3,0,Dunsparce,normal_normal
90,8960,430,140,1250000,0.9,60,120,50,50,40,3,3,0,Gligar,ground_flying
70,5120,515,65,1059860,0.9,60,14.5,125,105,90,3,4,0,Steelix,steel_ground
80,5120,490,95,1059860,0.4,75,5.8,90,100,50,2,2,0,Snubbull,fairy_fairy
40,5120,290,48,1059860,0.7,52,8.2,40,48,62,3,7,0,Granbull,fairy_fairy
30,3840,240,41,1000000,0.4,38,17.5,30,41,60,3,3,0,Qwilfish,water_poison
84,10240,410,70,1250000,1.2,70,152,65,70,51,1,2,0,Scizor,bug_steel
43,5120,302,53,1640000,0.4,70,10.3,43,53,40,3,3,0,Shuckle,bug_rock
53,5120,316,48,1000000,0.6,50,10.5,53,48,64,2,5,0,Heracross,bug_fighting
25,3840,194,41,1059860,0.3,37,2.2,25,41,25,2,4,0,Sneasel,dark_ice
50,5120,281,37,1000000,0.4,41,10.1,50,37,66,3,5,0,Teddiursa,normal_normal
95,5120,610,105,1059860,1.4,90,61.5,165,110,45,2,2,0,Ursaring,normal_normal
75,5120,575,80,1250000,1.5,70,40.2,135,80,135,3,3,0,Slugma,fire_fire
85,3840,384,51,1059860,1,77,25.5,55,51,65,2,4,0,Magcargo,fire_rock
40,5120,325,80,1250000,0.4,60,2.5,60,45,40,2,1,0,Swinub,ice_ground
65,8960,525,65,1000000,1,95,23.5,110,130,60,2,6,0,Piloswine,ice_ground
70,5120,285,55,1000000,0.3,35,5.4,45,55,25,3,1,0,Corsola,water_rock
60,5120,310,40,1059860,0.4,45,2.5,70,50,45,2,3,0,Remoraid,water_water
45,5120,304,40,1000000,0.1,40,0.2,55,40,84,3,7,0,Octillery,water_water
81,3840,499,71,1059860,1.2,78,24.5,74,69,126,2,6,0,Delibird,ice_flying
123,5120,528,65,1059860,1.6,110,150,100,65,65,2,5,0,Mantine,water_flying
45,2560,323,48,800000,0.6,70,7.5,60,65,35,3,1,0,Skarmory,steel_flying
155,6400,600,120,1250000,1.5,65,55,65,90,105,3,1,0,Houndour,dark_fire
40,5120,280,40,1059860,0.6,55,7.8,65,45,35,2,2,0,Houndoom,dark_fire
105,5120,500,75,1000000,1.16,105,61,65,100,50,6,1,0,Kingdra,water_dragon
115,3840,488,80,1059860,1.2,80,29,65,55,93,3,5,0,Phanpy,ground_ground
30,3840,244,42,1059860,0.3,30,5.5,30,42,70,2,4,0,Donphan,ground_ground
87,5120,473,63,1000000,1.3,75,24.2,87,63,98,3,5,0,Porygon2,normal_normal
75,10240,420,100,1250000,1.2,60,202.5,55,80,50,2,3,0,Stantler,normal_normal
65,5120,510,105,1250000,1.2,110,39.5,55,95,80,3,5,0,Smeargle,normal_normal
95,6400,495,57,1000000,1.3,65,44.5,100,85,93,2,1,0,Tyrogue,fighting_fighting
67,5120,480,85,1000000,0.7,60,6.6,77,75,116,3,5,0,Hitmontop,fighting_fighting
50,5120,369,58,1059860,0.6,62,13.5,73,54,72,3,6,0,Smoochum,ice_psychic
50,5120,329,62,1000000,0.6,50,31,40,62,65,3,5,0,Elekid,electric_electric
65,5120,325,85,1000000,0.3,50,14.5,35,35,55,3,5,0,Magby,fire_fire
105,3840,475,70,1000000,0.9,68,19,70,70,92,3,7,0,Miltank,normal_normal
105,5120,480,75,1000000,0.9,75,28.5,105,75,45,3,2,0,Blissey,normal_normal
80,5120,490,105,1250000,1.2,95,75.5,40,70,100,3,2,0,Raikou,electric_electric
55,5120,294,45,1000000,0.2,69,1,55,55,15,2,5,0,Entei,fire_fire
63,5120,495,152,1000000,0.7,50,14.5,53,142,35,3,7,0,Suicune,water_water
100,5120,535,125,1000000,2,100,128.6,110,50,50,3,4,0,Larvitar,rock_ground
55,5120,370,75,1250000,0.5,70,9,45,65,60,3,5,0,Pupitar,rock_ground
71,5120,360,43,1059860,1,84,40.5,71,43,48,2,3,0,Tyranitar,rock_dark
29,3840,224,45,1000000,0.2,40,3.4,29,45,36,2,4,0,Lugia,psychic_flying
103,5120,630,120,1059860,1.6,79,85.5,135,115,78,2,1,0,Ho-Oh,fire_flying
50,6400,455,80,800000,0.6,75,1,95,90,65,1,3,0,Celebi,psychic_grass
54,5120,288,53,1000000,0.4,53,3.5,37,46,45,3,6,0,Treecko,grass_grass
95,5120,509,75,1059860,1.5,105,62,85,75,74,3,5,0,Grovyle,grass_grass
115,3840,530,90,1059860,1.8,95,83,80,90,60,2,7,0,Sceptile,grass_grass
64,5120,480,60,1000000,1.2,68,22.2,111,60,117,2,7,0,Torchic,fire_fire
53,5120,316,48,1000000,0.6,50,13.5,53,48,64,2,5,0,Combusken,fire_fighting
75,5120,470,70,1000000,1.5,65,15,95,70,95,3,2,0,Blaziken,fire_fighting
90,5120,600,90,1250000,1.4,75,35,140,90,115,3,2,0,Mudkip,water_water
85,2560,485,50,1000000,1.16,60,61,95,85,110,3,1,0,Marshtomp,water_ground
55,3840,270,30,1059860,0.3,40,2.3,30,30,85,2,3,0,Swampert,water_ground
65,5120,263,34,1059860,0.5,45,9.5,40,34,45,3,4,0,Poochyena,dark_dark
75,3840,340,50,1059860,0.6,55,15.5,40,40,80,2,4,0,Mightyena,dark_dark
20,3840,265,30,800000,1,40,10.8,40,80,55,3,2,0,Zigzagoon,normal_normal
92,5120,450,65,1000000,1.3,80,39,65,80,68,3,1,0,Linoone,normal_normal
112,7680,401,45,1000000,0.5,55,9.5,74,45,70,1,5,0,Wurmple,bug_bug
115,3840,487,75,1000000,1.16,85,61,55,75,82,6,7,0,Silcoon,bug_bug
69,3840,420,69,1059860,0.6,60,17.5,91,81,50,2,7,0,Beautifly,bug_flying
75,10240,452,53,1250000,0.8,68,17.5,83,113,60,3,6,0,Cascoon,bug_bug
70,5120,535,115,1000000,1.2,70,180,130,90,60,3,4,0,Dustox,bug_poison
120,5120,500,120,1000000,1.1,90,120,60,60,50,2,2,0,Lotad,water_grass
22,3840,213,60,1000000,0.3,45,8.4,27,30,29,2,6,0,Lombre,water_grass
58,5120,490,80,1000000,1.4,72,14,103,80,97,3,5,0,Ludicolo,water_grass
55,3840,245,30,1059860,0.3,40,2,30,30,60,2,4,0,Seedot,grass_grass
105,5120,405,85,1059860,1.2,85,40,40,50,40,3,5,0,Nuzleaf,grass_dark
55,2560,320,40,1000000,0.4,35,6,50,50,90,2,1,0,Shiftry,grass_dark
60,5120,490,80,1250000,1.5,90,76,90,110,60,3,7,0,Taillow,normal_flying
57,5120,273,40,1059860,0.5,46,9,40,40,50,3,1,0,Swellow,normal_flying
55,6400,460,65,800000,1,90,168,95,85,70,1,3,0,Wingull,water_flying
100,5120,425,60,1000000,1.16,35,61,50,70,110,6,1,0,Pelipper,water_flying
65,5120,290,90,1000000,0.6,50,7.2,35,35,15,2,2,0,Ralts,psychic_fairy
80,5120,535,70,1000000,0.9,85,34,135,75,90,3,4,0,Kirlia,psychic_fairy
125,5120,530,140,1000000,2,75,108,60,90,40,1,7,0,Gardevoir,psychic_fairy
82,6400,348,62,1000000,0.6,67,8,46,48,43,3,6,0,Surskit,bug_water
25,2560,218,28,800000,0.3,50,3,45,55,15,3,2,0,Masquerain,bug_flying
60,3840,349,55,1059860,1.1,63,30,50,50,71,3,1,0,Shroomish,grass_grass
55,3840,320,80,1000000,0.5,55,70,70,45,15,2,7,0,Breloom,grass_fighting
120,3840,468,85,1640000,1.1,63,32.8,90,55,55,3,3,0,Slakoth,normal_normal
33,5120,405,58,1000000,1.3,190,28.5,33,58,33,2,2,0,Vigoroth,normal_normal
60,5120,480,75,1000000,1.1,70,16.3,110,75,90,3,5,0,Slaking,normal_normal
82,5120,351,45,1059860,1,60,33.4,45,45,74,3,5,0,Nincada,bug_ground
59,7680,362,50,1000000,1.3,77,25.2,67,63,46,2,6,0,Ninjask,bug_flying
65,8960,525,60,1000000,0.9,65,26.5,130,95,110,2,2,0,Shedinja,bug_ghost
80,3840,300,100,1059860,1.16,40,61,30,30,20,6,1,0,Whismur,normal_normal
47,5120,275,52,1059860,0.4,55,7,40,40,41,3,1,0,Loudred,normal_normal
85,5120,335,40,1059860,0.4,50,51.3,85,40,35,2,3,0,Exploud,normal_normal
108,7680,495,133,1000000,1.2,74,81,83,65,32,3,5,0,Makuhita,fighting_fighting
40,3840,220,50,1059860,0.5,40,4,30,30,30,3,3,0,Hariyama,fighting_fighting
50,7680,348,34,1640000,0.4,90,1.2,60,44,70,3,4,0,Azurill,normal_fairy
95,5120,440,85,1000000,0.5,65,3.9,55,55,85,3,2,0,Nosepass,rock_rock
30,5120,290,40,1059860,0.3,45,1,105,50,20,3,5,0,Skitty,normal_normal
40,5120,250,40,1000000,0.7,40,35,70,40,20,3,2,0,Delcatty,normal_normal
125,5120,490,100,1000000,1.6,65,70,60,70,70,3,5,0,Sableye,dark_ghost
60,5120,330,30,1250000,0.6,45,10.8,80,50,65,3,2,0,Mawile,steel_fairy
132,5120,478,77,1000000,1.7,97,180,62,67,43,3,7,0,Aron,steel_rock
45,5120,340,55,1250000,0.8,30,34.5,70,55,85,3,1,0,Lairon,steel_rock
70,5120,415,70,1000000,1.5,100,14,65,65,45,3,2,0,Aggron,steel_rock
55,5120,385,75,1000000,1.2,90,65.5,60,75,30,3,1,0,Meditite,fighting_psychic
85,3840,410,60,1000000,1,79,31.5,55,60,71,3,4,0,Medicham,fighting_psychic
95,10240,420,100,1250000,1.1,65,110.5,60,50,50,2,3,0,Electrike,electric_electric
25,6400,310,45,1000000,0.6,20,13,70,90,60,3,4,0,Manectric,electric_electric
65,5120,395,65,1250000,1.1,51,41,80,75,59,3,5,0,Plusle,electric_electric
76,5120,515,86,1000000,1.9,86,51.5,116,56,95,3,4,0,Minun,electric_electric
85,10240,420,70,1250000,1.4,72,50,65,70,58,1,5,0,Volbeat,bug_bug
140,3840,620,130,800000,0.2,45,0.3,140,135,30,1,7,0,Illumise,bug_bug
120,3840,485,70,1059860,1.2,85,24.9,50,60,100,2,4,0,Roselia,grass_poison
80,7680,355,90,1000000,0.5,30,11.5,55,45,55,3,1,0,Gulpin,poison_poison
55,5120,520,90,1059860,1,60,34.3,145,90,80,3,5,0,Swalot,poison_poison
50,2560,545,95,800000,1.5,85,38,120,115,80,3,4,0,Carvanha,water_dark
85,5120,405,70,1059860,0.7,70,28,60,70,50,2,3,0,Sharpedo,water_dark
40,5120,300,55,1000000,0.5,40,21.5,40,70,55,1,3,0,Wailmer,water_water
100,5120,494,122,1000000,1.7,85,39,58,75,54,3,6,0,Wailord,water_water
23,5120,260,48,1000000,0.6,95,14,23,48,23,2,3,0,Numel,fire_ground
45,3840,260,45,800000,0.6,50,11,35,35,50,3,3,0,Camerupt,fire_ground
103,3840,500,80,1059860,1.2,75,20.5,70,80,92,3,5,0,Torkoal,fire_fire
110,5120,590,110,600000,1.1,75,20.6,110,105,80,2,3,0,Spoink,psychic_psychic
50,3840,300,40,800000,0.4,55,5.8,40,40,75,3,5,0,Grumpig,psychic_psychic
75,5120,428,60,1000000,0.4,55,5,75,60,103,2,5,0,Spinda,normal_normal
50,6400,500,150,1250000,0.3,50,5.7,50,150,50,2,6,0,Trapinch,ground_ground
35,5120,275,45,1000000,0.4,45,3.3,62,53,35,1,4,0,Vibrava,ground_dragon
50,5120,305,91,1000000,0.6,44,18.8,24,86,10,1,5,0,Flygon,ground_dragon
104,5120,634,78,1059860,1.7,78,90.5,159,115,100,2,1,0,Cacnea,grass_grass
65,5120,552,68,1000000,1.1,78,10,112,154,75,2,6,0,Cacturne,grass_dark
60,5120,400,45,1059860,0.3,50,2,100,80,65,3,3,0,Swablu,normal_flying
90,3840,400,70,800000,1.1,70,33.5,60,70,40,3,2,0,Altaria,dragon_flying
52,5120,341,60,1000000,0.2,78,0.5,63,65,23,2,6,0,Zangoose,normal_normal
52,5120,306,67,1000000,0.5,42,31,39,56,50,3,6,0,Seviper,poison_poison
120,5120,580,80,1000000,1.5,80,256.5,120,80,100,3,3,0,Lunatone,rock_psychic
85,5120,405,60,1059860,0.9,60,19.5,85,60,55,2,3,0,Solrock,rock_psychic
65,3840,320,40,1059860,0.4,45,4.3,60,40,70,2,7,0,Barboach,water_ground
105,5120,485,125,1000000,1.4,70,200,65,75,45,3,5,0,Whiscash,water_ground
135,3840,515,130,1059860,1.7,85,260,60,80,25,3,5,0,Corphish,water_water
30,5120,290,50,1059860,0.4,45,5.8,55,65,45,3,5,0,Crawdaunt,water_dark
98,5120,498,63,1000000,1,75,28,98,63,101,2,5,0,Baltoy,ground_psychic
50,6400,515,50,1000000,1.1,80,148,95,135,105,1,5,0,Claydol,ground_psychic
45,5120,308,55,1059860,0.6,45,8.1,45,55,63,2,5,0,Lileep,rock_grass
95,5120,510,95,1059860,1.3,90,54,70,90,70,3,1,0,Cradily,rock_grass
85,5120,363,49,1059860,0.9,60,30.5,60,49,60,3,4,0,Anorith,rock_bug
50,5120,320,55,1059860,0.5,45,5.4,75,65,30,2,1,0,Armaldo,rock_bug
50,5120,305,50,1250000,0.4,36,5.7,65,60,44,3,5,0,Feebas,water_water
49,5120,330,56,600000,0.4,49,7,49,61,66,3,4,0,Milotic,water_water
65,5120,390,45,1000000,1.2,65,38,75,45,95,3,2,0,Castform,normal_normal
100,5120,531,62,1000000,1.7,123,91,97,81,68,2,6,0,Kecleon,normal_normal
50,3840,340,50,1059860,1.2,60,32.5,60,70,50,3,3,0,Shuppet,ghost_ghost
105,10240,600,90,1250000,1.8,92,160,125,90,98,1,5,0,Banette,ghost_ghost
62,5120,365,67,1059860,0.8,70,20,55,55,56,3,1,0,Duskull,ghost_ghost
24,5120,300,86,1000000,0.5,57,60.5,24,86,23,3,4,0,Dusclops,ghost_ghost
60,5120,320,60,1000000,0.5,50,7.3,60,60,30,3,6,0,Tropius,grass_flying
80,5120,405,80,1059860,1.1,65,25,59,63,58,2,2,0,Chimecho,psychic_psychic
53,3840,330,62,1250000,0.5,50,8.3,58,63,44,1,6,0,Absol,dark_dark
85,5120,410,55,1000000,1,50,30,65,65,90,3,1,0,Wynaut,psychic_psychic
40,5120,370,60,1059860,0.6,60,13,95,60,55,3,5,0,Snorunt,ice_ice
48,5120,466,76,1000000,0.6,74,8.5,83,81,104,4,6,0,Glalie,ice_ice
35,5120,400,30,1059860,1.3,40,56.5,120,70,105,3,1,0,Spheal,ice_water
75,3840,420,75,1059860,0.7,78,16,70,70,52,2,7,0,Sealeo,ice_water
55,8960,325,50,1000000,0.3,55,6.5,45,65,55,3,1,0,Walrein,ice_water
50,3840,452,50,1000000,1.6,100,40.8,86,96,70,3,2,0,Clamperl,water_water
74,3840,530,74,1059860,1.8,80,44,126,116,60,2,7,0,Huntail,water_water
68,5120,318,64,1059860,0.4,55,10.2,45,55,31,2,4,0,Gorebyss,water_water
100,5120,528,85,1059860,1.5,95,94.6,108,70,70,2,5,0,Relicanth,water_rock
25,2560,292,45,800000,0.6,76,23.3,67,55,24,3,5,0,Luvdisc,water_water
120,5120,490,90,1250000,2,100,82.8,40,60,80,2,7,0,Bagon,dragon_dragon
45,3840,395,50,1000000,1.1,60,32,90,80,70,2,1,0,Shelgon,dragon_dragon
20,3840,205,55,1000000,0.7,50,9.9,25,25,30,1,1,0,Salamence,dragon_flying
35,5120,230,40,1000000,0.5,25,12,20,30,80,1,7,0,Beldum,steel_psychic
48,5120,314,65,1059860,0.5,44,9,50,64,43,2,1,0,Metang,steel_psychic
25,5120,198,25,1250000,0.4,28,6.6,45,35,40,3,3,0,Metagross,steel_psychic
80,5120,290,95,1000000,0.5,50,15,10,45,10,3,4,0,Regirock,rock_rock
66,5120,471,84,1000000,0.7,109,11,81,99,32,3,5,0,Regice,ice_ice
75,5120,413,60,1059860,0.8,75,24.5,83,60,60,2,5,0,Registeel,steel_steel
51,5120,240,23,1059860,0.6,64,16.3,51,23,28,2,3,0,Latias,dragon_psychic
58,5120,431,57,1000000,0.2,67,2.2,81,67,101,3,6,0,Latios,dragon_psychic
30,5120,280,35,1059860,0.2,40,1.2,50,70,55,3,4,0,Kyogre,water_water
45,3840,260,59,1059860,0.4,30,5.3,30,39,57,3,5,0,Groudon,ground_ground
70,5120,515,65,1250000,1.6,80,55,80,120,100,3,1,0,Rayquaza,dragon_flying
85,5120,464,70,1000000,0.6,114,10.5,85,80,30,2,5,0,Jirachi,steel_psychic
30,6400,303,85,1000000,0.5,38,1.5,55,65,30,1,5,0,Deoxys,psychic_psychic
117,5120,519,80,1059860,1.5,95,96.3,65,70,92,3,5,0,Turtwig,grass_grass
42,7680,350,118,600000,0.5,30,57,42,88,30,2,4,0,Grotle,grass_grass
52,5120,309,43,1059860,0.6,39,8.5,60,50,65,2,1,0,Torterra,grass_ground
70,5120,340,50,1059860,1.1,50,15.3,50,50,70,1,3,0,Chimchar,fire_fire
98,5120,498,63,1000000,1.1,75,30.5,98,63,101,2,5,0,Monferno,fire_fighting
49,5120,318,49,1059860,0.7,45,6.9,65,65,45,2,1,0,Infernape,fire_fighting
90,5120,465,140,1000000,1.2,75,125.8,60,60,40,2,2,0,Piplup,water_water
55,5120,335,55,1000000,0.5,55,9,85,55,30,3,5,0,Prinplup,water_water
92,7680,485,108,1000000,1,50,108,92,108,35,2,4,0,Empoleon,water_steel
65,8960,525,110,1000000,1,95,27,60,130,65,2,2,0,Starly,normal_flying
130,5120,505,80,1059860,1.6,90,130,65,85,55,3,1,0,Staravia,normal_flying
95,3840,470,60,800000,0.5,75,7.5,65,60,115,3,5,0,Staraptor,normal_flying
95,5120,510,125,1059860,2,75,42.5,45,75,95,3,4,0,Bidoof,normal_normal
136,5120,580,94,1000000,1.2,65,33.3,54,96,135,3,4,0,Bibarel,normal_water
55,3840,220,35,1000000,0.5,35,13.6,30,30,35,3,3,0,Kricketot,bug_bug
30,5120,180,30,1059860,0.3,30,1.8,30,30,30,3,2,0,Kricketune,bug_bug
55,10240,300,65,1250000,0.6,45,29.7,45,45,45,3,7,0,Shinx,electric_electric
124,6400,483,80,1000000,2.8,89,330,55,80,55,3,5,0,Luxio,electric_electric
50,5120,330,90,1250000,0.8,40,12,30,55,65,3,4,0,Luxray,electric_electric
56,3840,423,77,1000000,1,85,42.4,50,77,78,3,6,0,Budew,grass_poison
105,5120,325,90,1000000,0.4,30,6.5,25,25,50,3,1,0,Roserade,grass_poison
38,5120,289,33,1000000,0.5,44,6,61,43,70,3,6,0,Cranidos,rock_rock
75,10240,300,60,1250000,0.6,45,42.1,40,30,50,2,3,0,Rampardos,rock_rock
63,5120,405,52,1059860,0.6,54,10.9,83,56,97,2,6,0,Shieldon,rock_steel
20,5120,250,35,800000,1.2,55,58,20,45,75,3,2,0,Bastiodon,rock_steel
135,5120,508,60,1000000,0.7,110,40.4,50,65,88,3,5,0,Burmy,bug_bug
45,5120,325,55,1000000,1.1,65,90,45,70,45,3,1,0,Wormadam,bug_grass
100,5120,520,80,1059860,2,80,82,80,80,100,1,3,0,Mothim,bug_flying
50,5120,300,50,1000000,0.7,50,16.8,50,50,50,3,3,0,Combee,bug_flying
62,5120,405,80,1059860,1.2,60,15.8,63,80,60,2,2,0,Vespiquen,bug_flying
75,3840,480,110,1000000,1.3,85,250,100,75,35,2,7,0,Pachirisu,electric_electric
70,3840,395,50,1000000,1,60,28.4,100,50,65,2,3,0,Buizel,water_water
60,6400,435,60,800000,0.7,60,1,85,85,85,1,2,0,Floatzel,water_water
30,5120,210,38,1059860,0.3,42,3.2,30,38,32,3,7,0,Cherubi,grass_grass
145,6400,625,88,1059860,1.2,70,54,140,70,112,3,4,0,Cherrim,grass_grass
75,3840,348,70,1000000,0.6,50,11.8,35,70,48,3,5,0,Shellos,water_water
67,5120,505,75,1000000,1.16,73,61,81,100,109,4,1,0,Gastrodon,water_ground
55,5120,410,95,800000,0.6,65,5,65,95,35,3,2,0,Ambipom,normal_normal
110,3840,500,90,1059860,1.2,85,61,45,90,80,3,5,0,Drifloon,ghost_flying
150,5120,635,110,1059860,1.5,100,81.9,95,110,70,2,3,0,Drifblim,ghost_flying
70,3840,495,40,1000000,0.8,80,25.3,100,60,145,3,5,0,Buneary,normal_normal
104,5120,485,105,600000,1.7,55,27,94,75,52,2,3,0,Lopunny,normal_normal
40,5120,335,50,1000000,1.2,55,33,65,85,40,3,5,0,Mismagius,ghost_ghost
123,6400,540,67,1000000,1.8,75,138.6,95,85,95,2,4,0,Honchkrow,dark_flying
89,5120,405,85,1059860,1.1,75,97,55,65,36,2,4,0,Glameow,normal_normal
55,5120,525,145,1000000,1.4,60,340,75,150,40,3,4,0,Purugly,normal_normal
89,7680,362,77,1000000,0.8,58,26,45,45,48,2,6,0,Chingling,psychic_psychic
80,5120,472,60,1000000,1.2,75,28,65,90,102,1,6,0,Stunky,poison_dark
36,3840,237,38,1000000,0.4,38,5,32,36,57,3,6,0,Skuntank,poison_dark
55,5120,308,45,1059860,0.5,55,5.9,63,45,45,2,5,0,Bronzor,steel_psychic
60,7680,495,125,1000000,1,70,35,115,70,55,3,1,0,Bronzong,steel_psychic
60,10240,550,65,1250000,1.6,85,46,135,105,100,2,5,0,Bonsly,rock_rock
70,6400,420,70,1000000,0.3,70,0.8,70,70,70,1,3,0,Mime Jr.,psychic_fairy
110,8960,525,130,1000000,1,65,25.5,60,65,95,2,4,0,Happiny,normal_normal
63,6400,360,37,1000000,0.6,45,23.5,65,55,95,2,2,0,Chatot,normal_flying
48,5120,328,45,1000000,1,60,32.4,43,90,42,3,1,0,Spiritomb,ghost_dark
50,5120,440,100,1000000,1.2,60,28,95,70,65,3,3,0,Gible,dragon_ground
70,10240,400,35,1640000,2,130,130,70,35,60,3,3,0,Gabite,dragon_ground
65,8960,525,60,1000000,1,130,29,110,95,65,2,1,0,Garchomp,dragon_ground
100,5120,510,85,1000000,1.3,60,31.5,80,85,100,2,3,0,Munchlax,normal_normal
45,5120,307,40,1059860,0.4,40,9.4,62,60,60,2,6,0,Riolu,fighting_fighting
70,5120,305,40,1000000,0.5,55,8.5,60,40,40,3,5,0,Lucario,fighting_steel
110,5120,474,76,1000000,1.5,85,71,65,82,56,3,6,0,Hippopotas,ground_ground
70,3840,500,90,1000000,1.5,77,45,145,75,43,1,7,0,Hippowdon,ground_ground
105,5120,480,90,1000000,0.9,70,18.5,80,90,45,2,7,0,Skorupi,poison_bug
70,5120,309,48,1000000,0.4,43,7,50,60,38,3,6,0,Drapion,poison_dark
55,10240,300,80,1250000,0.6,40,95.2,35,60,30,2,3,0,Croagunk,poison_fighting
80,5120,425,110,1000000,1.16,60,61,50,80,45,6,1,0,Toxicroak,poison_fighting
35,5120,285,55,1000000,0.2,40,1.5,65,75,15,3,7,0,Carnivine,grass_grass
75,5120,425,55,1059860,0.8,75,8.5,105,85,30,3,2,0,Finneon,water_water
50,5120,490,70,1000000,1.2,60,66.6,80,80,150,3,1,0,Lumineon,water_water
81,7680,495,97,600000,1.5,86,60.4,81,107,43,2,3,0,Mantyke,water_flying
105,5120,490,65,1059860,1.7,80,15.5,100,70,70,2,1,0,Snover,grass_ice
72,5120,365,57,1059860,0.9,61,19.5,55,55,65,3,1,0,Abomasnow,grass_ice
60,3840,250,40,800000,0.5,40,8.5,40,40,30,3,2,0,Weavile,dark_ice
85,10240,390,40,1250000,0.6,135,105,40,85,5,3,4,0,Magnezone,electric_steel
60,5120,237,30,1640000,1,72,86.4,20,30,25,3,3,0,Lickilicky,normal_normal
85,5120,340,70,1000000,0.5,45,10.2,40,40,60,3,5,0,Rhyperior,ground_rock
75,5120,430,105,1059860,1.1,65,64.8,35,65,85,3,2,0,Tangrowth,grass_grass
45,3840,266,90,600000,0.5,31,5.5,30,30,40,2,3,0,Electivire,electric_electric
105,5120,495,55,1000000,1.1,85,33.5,85,50,115,2,4,0,Magmortar,fire_fire
112,7680,525,118,1250000,2,108,300,68,72,47,2,4,0,Togekiss,fairy_flying
80,5120,305,35,1000000,0.5,40,28,35,45,70,3,1,0,Yanmega,bug_flying
80,5120,455,65,1000000,1.5,70,41.5,90,65,85,3,2,0,Leafeon,grass_grass
85,3840,355,50,1000000,0.6,55,14.8,40,50,75,3,7,0,Glaceon,ice_ice
45,5120,310,35,1059860,0.5,40,5,65,55,70,2,3,0,Gliscor,ground_flying
60,6400,495,60,800000,0.9,60,4.4,105,105,105,1,4,0,Mamoswine,ice_ground
40,5120,335,35,1250000,0.9,40,45.5,50,100,70,3,1,0,Porygon-Z,normal_normal
35,5120,278,35,1250000,0.8,38,20.2,65,55,50,3,3,0,Gallade,psychic_fighting
45,5120,210,45,1000000,0.4,55,8.5,25,25,15,3,2,0,Probopass,rock_steel
63,5120,329,47,1000000,0.4,63,19.2,41,41,74,3,4,0,Dusknoir,ghost_ghost
65,5120,450,60,1000000,1.5,70,12.5,90,75,90,3,1,0,Froslass,ice_ghost
95,5120,465,62,1250000,1.4,73,71.2,85,65,85,3,2,0,Rotom,electric_ghost
50,5120,430,120,1000000,0.8,60,55,90,80,30,3,2,0,Uxie,psychic_psychic
56,3840,253,35,1000000,1.16,30,61,25,35,72,6,1,0,Mesprit,psychic_psychic
75,5120,300,90,1000000,1.16,50,61,10,35,40,4,1,0,Azelf,psychic_psychic
45,3840,250,40,1000000,0.5,59,20,35,40,31,3,4,0,Dialga,steel_dragon
75,3840,315,45,1000000,0.5,50,5.9,40,45,60,3,5,0,Palkia,water_dragon
65,5120,300,35,1000000,0.6,35,12,65,35,65,3,2,0,Heatran,fire_steel
50,5120,405,40,1000000,0.4,60,4.2,85,75,95,2,3,0,Regigigas,normal_normal
45,5120,405,80,1000000,1,60,11.5,90,100,30,3,7,0,Giratina,ghost_dragon
52,5120,485,90,800000,0.1,51,0.3,82,110,100,3,7,0,Cresselia,psychic_psychic
65,5120,350,48,1000000,0.9,66,31,62,57,52,2,6,0,Phione,water_water
72,7680,330,78,1250000,0.8,68,49.5,38,42,32,2,4,0,Manaphy,water_water
65,6400,330,40,1059860,0.7,40,12.5,80,40,65,1,5,0,Darkrai,dark_dark
90,5120,390,50,1059860,1,65,6.4,85,45,55,2,1,0,Shaymin,grass_grass
110,5120,470,70,1000000,1.8,60,85.2,60,60,110,3,1,0,Arceus,normal_normal
95,5120,535,85,1250000,1.3,71,57.5,110,95,79,3,5,0,Victini,psychic_fire
65,5120,395,70,1059860,0.8,60,8.6,85,75,40,2,1,0,Snivy,grass_grass
78,7680,355,103,1000000,0.7,54,16.5,53,45,22,3,5,0,Servine,grass_grass
83,5120,350,50,1250000,0.5,70,10.5,37,50,60,3,5,0,Serperior,grass_grass
69,5120,304,85,1000000,1,55,99.5,32,35,28,3,6,0,Tepig,fire_fire
185,6400,600,115,1250000,1.5,80,54,40,105,75,3,2,0,Pignite,fire_fighting
90,5120,377,55,1000000,0.8,52,15,58,62,60,3,1,0,Emboar,fire_fighting
85,20480,580,100,1250000,1.7,90,55.4,95,125,85,2,1,1,Oshawott,water_water
90,20480,580,85,1250000,1.6,90,52.6,125,90,100,2,1,1,Dewott,water_water
100,20480,580,90,1250000,2,90,60,125,85,90,2,1,1,Samurott,water_water
150,30720,780,70,1250000,2,106,122,194,120,140,2,1,1,Patrat,normal_normal
100,30720,600,100,1059860,0.4,100,4,100,100,100,1,1,1,Watchog,normal_normal
85,20480,580,75,1250000,1.9,90,178,115,100,115,2,2,1,Lillipup,normal_normal
115,20480,580,85,1250000,2.1,115,198,90,75,100,2,2,1,Herdier,normal_normal
75,20480,580,115,1250000,2,100,187,90,115,85,2,2,1,Stoutland,normal_normal
90,30720,680,130,1250000,5.2,106,216,90,154,110,2,2,1,Purrloin,dark_dark
130,30720,680,90,1250000,3.8,106,199,110,154,90,2,2,1,Liepard,dark_dark
100,30720,600,100,1059860,0.6,100,5,100,100,100,1,2,1,Pansage,grass_grass
100,20480,580,200,1250000,1.7,80,230,50,100,50,2,3,1,Simisage,grass_grass
50,20480,580,100,1250000,1.8,80,175,100,200,50,2,3,1,Pansear,fire_fire
75,20480,580,150,1250000,1.9,80,205,75,150,50,2,3,1,Simisear,fire_fire
100,30720,700,120,1250000,1.4,80,40,140,150,110,1,3,1,Panpour,water_water
130,30720,700,100,1250000,2,80,60,160,120,110,1,3,1,Simipour,water_water
150,30720,770,90,1250000,4.5,100,352,180,160,90,1,3,1,Munna,psychic_psychic
180,30720,770,160,1250000,3.5,100,950,150,90,90,1,3,1,Musharna,psychic_psychic
180,30720,780,100,1250000,7,105,206.5,180,100,115,1,3,1,Pidove,normal_flying
100,30720,600,100,1250000,0.3,100,1.1,100,100,100,1,3,1,Tranquill,normal_flying
95,30720,600,90,1250000,1.7,50,60.8,95,90,180,1,3,1,Unfezant,normal_flying
75,20480,580,130,1250000,0.3,75,0.3,75,130,95,1,4,1,Blitzle,electric_electric
105,20480,580,105,1250000,0.3,80,0.3,105,105,80,1,4,1,Zebstrika,electric_electric
125,20480,580,70,1250000,0.3,75,0.3,125,70,115,1,4,1,Roggenrola,rock_rock
120,30720,680,120,1250000,5.4,100,683,150,100,90,2,4,1,Boldore,rock_rock
120,30720,680,100,1250000,4.2,90,336,150,120,100,2,4,1,Gigalith,rock_rock
90,2560,600,106,1250000,1.7,91,430,130,106,77,2,4,1,Woobat,psychic_flying
160,30720,670,110,1250000,3.7,110,420,80,110,100,1,4,1,Swoobat,psychic_flying
120,30720,680,100,1250000,4.5,150,750,120,100,90,3,4,1,Drilbur,ground_ground
70,30720,600,120,1250000,1.5,120,85.6,75,130,85,1,4,1,Excadrill,ground_steel
100,2560,600,100,1250000,0.3,100,1.4,100,100,100,1,4,1,Audino,normal_normal
90,30720,600,90,1250000,1.5,70,50.5,135,90,125,1,4,1,Timburr,fighting_fighting
103,30720,600,75,1059860,0.2,100,2.1,120,75,127,2,4,1,Gurdurr,fighting_fighting
120,30720,720,120,1250000,3.2,120,320,120,120,120,1,4,1,Conkeldurr,fighting_fighting
100,30720,600,100,1250000,0.4,100,4,100,100,100,1,5,1,Tympole,water_water
90,20480,580,129,1250000,2.1,91,250,90,72,108,1,5,1,Palpitoad,water_ground
129,20480,580,90,1250000,1.9,91,260,72,90,108,1,5,1,Seismitoad,water_ground
90,20480,580,72,1250000,2,91,200,90,129,108,1,5,1,Throh,fighting_fighting
100,30720,580,80,1250000,1.5,79,63,110,90,121,3,5,1,Sawk,fighting_fighting
105,30720,580,70,1250000,1.5,79,61,145,80,101,3,5,1,Sewaddle,bug_grass
120,30720,680,100,1250000,3.2,100,330,150,120,90,1,5,1,Swadloon,bug_grass
150,30720,680,120,1250000,2.9,100,345,120,100,90,1,5,1,Leavanny,bug_grass
145,30720,600,90,1250000,1.5,89,68,105,80,91,3,5,1,Venipede,bug_poison
120,30720,700,90,1250000,3,125,325,170,100,95,3,5,1,Whirlipede,bug_poison
72,20480,580,90,1250000,1.4,91,48.5,129,90,108,1,5,1,Scolipede,bug_poison
128,30720,600,90,1250000,0.6,100,6.5,77,77,128,1,5,1,Cottonee,grass_fairy
120,30720,600,95,1250000,1.5,71,82.5,120,95,99,1,5,1,Whimsicott,grass_fairy
131,30720,680,95,1250000,3,126,215,131,98,99,1,6,1,Petilil,grass_grass
131,30720,680,95,1250000,5.8,126,203,131,98,99,1,6,1,Lilligant,grass_grass
100,30720,708,121,1250000,5,216,284.6,91,95,85,2,6,1,Basculin,water_water
160,6400,700,110,1250000,0.7,50,8.8,160,110,110,1,6,1,Sandile,ground_dark
160,30720,680,60,1250000,1.16,80,61,170,130,80,1,6,1,Krokorok,ground_dark
110,30720,600,120,1250000,1.7,80,195,130,90,70,1,6,1,Krookodile,ground_dark
115,3840,570,85,1250000,1.8,70,20.5,95,75,130,2,7,1,Darumaka,fire_fire
85,3840,570,75,1250000,1.2,70,18.6,130,115,95,2,7,1,Darmanitan,fire_fire
130,3840,570,115,1250000,1.9,70,45.5,85,95,75,2,7,1,Maractus,grass_grass
75,3840,570,115,1250000,1.3,70,21.2,95,130,85,2,7,1,Dwebble,bug_rock
29,30720,200,31,1250000,0.2,43,0.1,29,31,37,1,7,1,Crustle,bug_rock
29,30720,400,131,1250000,0.1,43,999.9,29,131,37,1,7,1,Scraggy,dark_fighting
137,30720,680,107,1250000,3.4,137,230,113,89,97,1,7,1,Scrafty,dark_fighting
113,30720,680,89,1250000,4,137,120,137,107,97,1,7,1,Sigilyph,psychic_flying
53,30720,570,47,1250000,1.2,109,55.5,127,131,103,1,7,1,Yamask,ghost_ghost
139,30720,570,139,1250000,2.4,107,333.6,53,53,79,1,7,1,Cofagrigus,ghost_ghost
137,30720,570,37,1250000,1.8,71,25,137,37,151,1,7,1,Tirtouga,water_rock
89,30720,570,71,1250000,3.8,83,100,173,71,83,1,7,1,Carracosta,water_rock
101,30720,570,103,1250000,9.2,97,999.9,107,101,61,1,7,1,Archen,rock_flying
181,30720,570,131,1250000,0.3,59,0.1,59,31,109,1,7,1,Archeops,rock_flying
101,30720,570,53,1250000,5.5,223,888,97,53,43,1,7,1,Trubbish,poison_poison
107,30720,600,101,1250000,2.4,97,230,127,89,79,1,7,1,Garbodor,poison_poison
95,30720,600,115,1250000,1,80,80.5,130,115,65,1,7,1,Zorua,dark_dark
93,20480,580,114,1250000,0.3,78,0.3,93,114,85,1,4,1,Zoroark,dark_dark
92,30720,600,90,1250000,1.5,70,52.90546394,133,90,123,1,4,1,Minccino,normal_normal
85,3779,571,76,1250000,1.223549903,70,37.97685997,130,114,94,2,6,1,Cinccino,normal_normal
130,30720,680,90,1250000,4.122371029,109,199.6447421,113,144,91,1,2,1,Gothita,psychic_psychic
78,20480,580,94,1250000,1.548314561,90,51.9112349,112,107,96,1,3,1,Gothorita,psychic_psychic
59,20480,580,100,1250000,1.772415812,82,142.0093117,98,179,59,2,2,1,Gothitelle,psychic_psychic
101,20480,580,95,1250000,1.40786189,86,39.20550284,118,91,86,1,2,1,Solosis,psychic_psychic
76,20480,580,110,1250000,1.987975023,98,185.9177521,93,113,88,2,2,1,Duosion,psychic_psychic
111,30720,629,78,1250000,4.955386018,183,812.8432706,109,78,68,2,5,1,Reuniclus,psychic_psychic
95,30720,600,114,1250000,1.002357031,80,80.44107423,129,114,65,1,6,1,Ducklett,water_flying
116,3260,583,108,1250000,1.175964598,83,25.54377422,91,97,86,1,5,1,Swanna,water_flying
73,30720,586,71,1250000,1.369863025,86,52.66894959,131,107,115,1,5,1,Vanillite,ice_ice
83,20480,580,111,1250000,1.984582053,98,198.255101,87,111,88,1,2,1,Vanillish,ice_ice
89,20480,580,128,1250000,2.097444402,90,249.0799849,90,72,108,1,4,1,Vanilluxe,ice_ice
158,30720,680,61,1250000,1.165768682,80,60.49524036,169,130,80,1,5,1,Deerling,normal_grass
100,20480,580,89,1250000,1.98923783,89,59.6220579,125,84,90,1,1,1,Sawsbuck,normal_grass
120,30720,640,107,1250000,3.770166053,103,199.0393484,130,94,84,1,6,1,Emolga,electric_flying
159,30720,680,60,1250000,1.213166441,81,62.10451409,169,129,80,1,6,1,Karrablast,bug_bug
123,30720,715,120,1250000,3.16348234,117,323.0431383,120,117,116,1,4,1,Escavalier,bug_steel
102,30720,584,74,1250000,1.545476639,72,60.95452336,133,82,118,2,4,1,Foongus,grass_poison
114,30720,680,109,1250000,5.555240329,117,208.3031262,114,120,103,1,4,1,Amoonguss,grass_poison
109,30720,600,96,1250000,0.397395692,100,2.853122449,92,92,109,1,3,1,Frillish,water_ghost
131,30720,680,95,1250000,4.325859624,126,209.3177445,131,98,99,1,6,1,Jellicent,water_ghost
110,30720,608,101,1250000,2.510361704,101,230,125,89,80,1,7,1,Alomomola,water_water
93,30720,594,107,1250000,1.472347549,80,83.78956329,137,107,68,1,7,1,Joltik,bug_electric
61,20480,580,106,1250000,1.891598512,89,180.4959107,95,161,66,2,2,1,Galvantula,bug_electric
150,30720,623,123,1250000,3.100749752,108,380.1729066,67,83,90,1,5,1,Ferroseed,grass_steel
159,30720,670,110,1250000,3.658633464,109,416.1218872,82,109,99,1,4,1,Ferrothorn,grass_steel
120,30720,688,93,1250000,3.101583733,111,93.04751198,147,112,102,1,5,1,Klink,steel_steel
87,3224,584,107,1250000,0.819358164,84,11.68329164,97,115,92,1,5,1,Klang,steel_steel
30,30720,223,32,1250000,0.264003597,47,3.645799293,35,37,41,1,7,1,Klinklang,steel_steel
120,30720,694,107,1250000,3.828923446,101,330.0627751,138,120,107,1,4,1,Tynamo,electric_electric
89,3485,578,81,1250000,0.950726648,78,13.83610927,121,110,96,1,6,1,Eelektrik,electric_electric
85,20480,580,99,1250000,1.694552507,90,55.24747019,96,123,85,2,1,1,Eelektross,electric_electric
150,30720,776,69,1250000,1.972791613,105,120.0241529,193,120,138,1,1,1,Elgyem,psychic_psychic
133,30720,680,100,1250000,3.198824035,131,222.4559013,122,93,98,1,6,1,Beheeyem,psychic_psychic
115,30720,600,104,1250000,1.204790667,83,75.38023333,119,100,75,1,6,1,Litwick,ghost_fire
136,30720,570,37,1250000,1.798925133,70,25.09136367,136,37,150,1,6,1,Lampent,ghost_fire
99,20480,580,96,1250000,2.060209575,109,193.6230532,90,90,94,2,2,1,Chandelure,ghost_fire
88,20480,580,97,1250000,1.777756495,90,56.59226625,102,114,86,2,1,1,Axew,dragon_dragon
119,30720,679,119,1250000,5.400577745,100,684.1843764,149,99,89,1,4,1,Fraxure,dragon_dragon
112,30720,614,102,1250000,2.579354675,104,230,124,89,82,1,7,1,Haxorus,dragon_dragon
89,20480,580,86,1250000,1.610932801,90,52.90611843,121,93,98,2,1,1,Cubchoo,ice_ice
120,30720,680,91,1250000,4.73916739,132,154.0838297,134,103,97,1,6,1,Beartic,ice_ice
121,30720,717,120,1250000,3.183455433,118,321.3787139,120,118,118,1,4,1,Cryogonal,ice_ice
123,30720,680,89,1250000,3.870588579,116,171.1175113,119,137,92,1,3,1,Shelmet,bug_bug
83,3840,570,80,1250000,1.212564967,70,18.92668915,125,116,93,2,7,1,Accelgor,bug_bug
140,30720,741,93,1250000,4.083245418,100,344.9472301,170,147,90,1,3,1,Stunfisk,ground_electric
156,30720,731,97,1250000,5.051980152,115,210.6395422,156,99,107,1,4,1,Mienfoo,fighting_fighting
112,30720,617,99,1250000,2.530727387,103,226.7318153,127,90,83,1,6,1,Mienshao,fighting_fighting
105,20480,580,81,1250000,2.036917342,107,191.6917342,97,82,104,2,2,1,Druddigon,dragon_dragon
38,30720,428,129,1250000,0.645455155,48,967.2858984,41,127,42,1,6,1,Golett,ground_ghost
101,30720,680,124,1250000,4.754161541,113,219.4676325,95,137,106,1,3,1,Golurk,ground_ghost
95,30720,606,115,1250000,1.02491281,80,77.97757794,130,117,67,1,6,1,Pawniard,dark_steel
121,20480,580,71,1250000,0.371963887,76,3.453326672,125,71,114,1,4,1,Bisharp,dark_steel
125,30720,678,101,1250000,4.396781729,144,707.4224631,114,101,91,2,4,1,Bouffalant,normal_normal
120,30720,692,106,1250000,3.875836601,99,330.8133856,140,120,106,1,4,1,Rufflet,normal_flying
98,20480,580,89,1250000,1.939639515,90,58.88333102,125,85,91,2,1,1,Braviary,normal_flying
104,20480,580,79,1250000,2.056149537,104,198.8770093,90,98,103,1,3,1,Vullaby,dark_flying
153,30720,703,140,1250000,5.408603362,98,966.7086505,135,93,80,1,4,1,Mandibuzz,dark_flying
153,30720,676,116,1250000,3.156292595,103,369.0274308,107,103,93,1,4,1,Heatmor,fire_fire
120,30720,680,100,1250000,3.975982417,92,334.6558945,150,120,97,1,4,1,Durant,bug_steel
154,30720,645,116,1250000,3.386790079,109,399.1835868,73,96,94,1,4,1,Deino,dark_dragon
96,30720,577,77,1250000,2.127981523,80,73.10231146,127,84,110,2,5,1,Zweilous,dark_dragon
75,20480,580,138,1250000,1.932160117,86,199.2111789,79,138,61,2,2,1,Hydreigon,dark_dragon
126,20480,580,100,1250000,1.881456212,89,257.2184318,69,90,102,1,4,1,Larvesta,bug_fire
104,30720,600,90,1250000,1.38768456,64,45.38297418,89,86,165,1,3,1,Volcarona,bug_fire
156,30720,710,143,1250000,5.184496538,99,964.7467329,137,93,81,1,4,1,Cobalion,steel_fighting
95,30720,592,82,1250000,1.5,73,54.59426496,138,86,115,1,4,1,Terrakion,rock_fighting
157,30720,670,109,1250000,3.66294513,109,413.3301234,85,110,99,1,4,1,Virizion,grass_fighting
120,30720,680,118,1250000,5.35320058,102,686.4839568,148,100,90,2,4,1,Tornadus,flying_flying
112,30720,695,107,1250000,1.350740363,80,44.31021822,146,145,103,1,3,1,Thundurus,electric_flying
76,3726,572,114,1250000,1.335438208,71,57.41784868,98,127,84,2,6,1,Reshiram,dragon_fire
58,20480,580,93,1250000,1.824763448,82,175.7429034,103,175,66,2,2,1,Zekrom,dragon_electric
78,30720,600,114,1250000,1.182472053,114,62.0451996,82,121,89,1,4,1,Landorus,ground_flying
130,30720,680,91,1250000,4.231177813,110,199.8623556,114,141,91,1,2,1,Kyurem,dragon_ice
132,30720,680,98,1250000,3.124254325,129,219.6595372,125,95,98,1,6,1,Keldeo,water_fighting
88,20480,580,72,1250000,1.97557251,90,194.6259522,96,121,109,1,4,1,Meloetta,normal_psychic
157,30720,681,62,1250000,1.220301991,80,60.92821192,169,129,82,1,5,1,Genesect,bug_steel
130,30720,680,92,1250000,3.413744888,115,206.7251022,120,126,94,1,3,1,Chespin,grass_grass
112,30720,610,116,1250000,1.875521943,86,197.7003376,130,91,73,1,6,1,Quilladin,grass_grass
150,30720,710,109,1250000,3.435241346,100,347.3416809,140,120,90,1,4,1,Chesnaught,grass_fighting
113,30720,577,60,1250000,1.582194539,76,51.13665536,142,68,114,2,5,1,Fennekin,fire_fire
173,30720,780,93,1250000,5.8804524,105,187.5796456,183,104,120,1,2,1,Braixen,fire_fire
121,30720,702,90,1250000,3.051733691,124,325.9312064,170,102,94,2,4,1,Delphox,fire_psychic
126,20480,580,89,1250000,1.9,90,256.1972397,73,90,108,1,4,1,Froakie,water_water
114,30720,592,110,1250000,2.4,99,255.5268946,108,80,79,1,7,1,Frogadier,water_water
130,30720,680,93,1250000,3.20556764,120,210.8886472,125,112,96,1,4,1,Greninja,water_dark
99,30720,599,98,1250000,0.415990907,100,5.029414616,100,100,100,1,5,1,Bunnelby,normal_normal
45,30720,450,41,1250000,0.877837368,87,37.65219019,95,98,81,1,7,1,Diggersby,normal_ground
95,20480,580,74,1250000,2.020974145,96,199.5805171,90,117,106,1,4,1,Fletchling,normal_flying
132,30720,600,90,1250000,1.5,84,63.94973026,111,82,98,2,4,1,Fletchinder,fire_flying
167,30720,754,98,1250000,5.972798677,110,208.6828028,167,99,110,1,3,1,Talonflame,fire_flying
117,30720,667,94,1250000,4.617124548,158,766.1631876,117,94,84,2,4,1,Scatterbug,bug_bug
124,30720,645,104,1250000,2.967589656,119,230,119,89,89,1,7,1,Spewpa,bug_bug
87,20480,580,126,1250000,2.082691957,92,239.0959332,90,79,104,1,4,1,Vivillon,bug_flying
95,30720,582,85,1250000,1.5,84,66.10249832,105,95,116,2,4,1,Litleo,fire_normal
106,2990,611,101,1250000,0.344895537,94,2.230567443,106,101,101,1,4,1,Pyroar,fire_normal
142,30720,703,96,1250000,3.928675975,121,213.0265636,142,98,102,1,5,1,Flabébé,fairy_fairy
103,30720,586,102,1250000,8.504371259,104,962.9132718,108,100,65,1,6,1,Floette,fairy_fairy
123,30720,700,104,1250000,1.862439471,80,55.41464904,155,126,110,1,3,1,Florges,fairy_fairy
88,20480,580,76,1250000,1.926633666,93,180.6633666,111,96,113,2,2,1,Skiddo,grass_grass
100,30720,600,93,1059860,0.349770544,100,3.522820171,105,93,106,1,1,1,Gogoat,grass_grass
82,20480,580,140,1250000,1.994829334,85,226.3366001,82,113,77,1,3,1,Pancham,fighting_fighting
129,30720,694,109,1250000,4.342622761,142,781.4754478,124,98,90,2,3,1,Pangoro,fighting_dark
93,30720,600,93,1250000,1.098825264,80,33.98497336,123,93,116,1,3,1,Furfrou,normal_normal
110,20480,580,95,1250000,0.3,78,0.3,110,95,89,1,4,1,Espurr,psychic_psychic
112,30720,655,95,1250000,1.776357114,75,55.75078517,148,106,116,1,3,1,Meowstic,psychic_psychic
131,30720,680,107,1250000,3.088484251,100,335.5757875,138,112,90,1,5,1,Honedge,steel_ghost
85,20480,580,75,1250000,1.901032529,90,178.1032529,114,99,114,2,2,1,Doublade,steel_ghost
125,30720,687,123,1250000,5.238082305,100,705.7536971,150,99,90,1,3,1,Aegislash,steel_ghost
99,20480,580,199,1250000,1.701620231,80,229.7677669,50,100,50,2,2,1,Spritzee,fairy_fairy
100,30720,600,100,1080915,0.4,100,4,100,100,100,1,1,1,Aromatisse,fairy_fairy
141,30720,600,90,1250000,1.5,86,69.98283616,107,82,92,2,5,1,Swirlix,fairy_fairy
93,2560,600,104,1250000,1.243708203,93,290.3095256,120,104,84,1,4,1,Slurpuff,fairy_fairy
89,30720,570,70,1250000,3.762982343,82,99.3723093,172,71,83,1,6,1,Inkay,dark_psychic
135,30720,702,115,1250000,4.248586775,137,800.2826449,127,97,90,2,3,1,Malamar,dark_psychic
157,30720,708,62,1250000,1.396923301,87,78.20514447,176,127,96,1,4,1,Binacle,rock_water
77,20480,580,88,1250000,1.46427835,90,49.81770618,127,90,105,1,3,1,Barbaracle,rock_water
120,30720,688,95,1250000,3.705373616,104,331.4659248,158,111,97,2,4,1,Skrelp,poison_water
92,2649,597,106,1250000,1.713972386,89,403.1380883,126,105,76,2,4,1,Dragalge,poison_dragon
122,30720,624,118,1250000,7.655127894,97,986.3755933,118,98,68,1,5,1,Clauncher,water_water
115,30720,656,100,1250000,5.514323477,138,803.9317951,117,100,83,2,4,1,Clawitzer,water_water
67,30720,491,115,1250000,5.016540798,72,999.9,71,114,49,1,7,1,Helioptile,electric_normal
107,30720,587,85,1250000,1.5,76,70.04080277,113,91,113,2,5,1,Heliolisk,electric_normal
87,20480,580,119,1250000,0.3,77,0.3,87,119,88,1,4,1,Tyrunt,rock_dragon
115,30720,724,104,1250000,1.582619654,87,64.95801937,156,140,119,1,2,1,Tyrantrum,rock_dragon
106,3089,587,109,1250000,1.782703545,82,271.002435,111,101,76,2,5,1,Amaura,rock_ice
110,30720,587,79,1250000,1.5,75,69.55039063,135,85,100,2,5,1,Aurorus,rock_ice
101,30720,600,91,1250000,1.5,70,63.14052813,129,91,114,1,4,1,Sylveon,fairy_fairy
107,30720,600,105,1250000,2.225157252,92,221.2578626,127,89,76,1,6,1,Hawlucha,fighting_flying
39,30720,368,38,1250000,0.65658481,73,25.39479845,73,76,67,1,7,1,Dedenne,electric_fairy
70,30720,599,119,1250000,1.5,119,85.57645516,75,129,85,1,4,1,Carbink,rock_fairy
99,20480,580,112,1250000,2.1,100,230.1335888,90,73,104,1,3,1,Goomy,dragon_dragon
133,30720,680,100,1250000,3.199083337,131,222.4656252,122,93,98,1,6,1,Sliggoo,dragon_dragon
75,20480,580,92,1250000,1.472358739,90,50.164251,120,98,102,1,4,1,Goodra,dragon_dragon
102,30720,600,76,1059860,0.218126484,100,2.231417009,119,76,125,1,3,1,Klefki,steel_fairy
130,30720,680,92,1250000,3.406268847,115,206.8746231,120,126,94,1,3,1,Phantump,ghost_grass
92,20480,580,102,1250000,1.488236598,85,42.02807346,109,98,91,1,1,1,Trevenant,ghost_grass
120,30720,681,99,1250000,4.114750313,92,335.2185445,151,118,99,2,4,1,Pumpkaboo,ghost_grass
101,20480,580,107,1250000,0.3,79,0.3,101,107,81,1,4,1,Gourgeist,ghost_grass
142,30720,584,116,1250000,0.3,78,0.57110361,78,63,104,1,5,1,Bergmite,ice_ice
93,20480,580,151,1250000,1.972625767,87,243.6312883,77,80,89,1,4,1,Avalugg,ice_ice
169,30720,759,97,1250000,6.339701608,105,204.9524256,165,111,109,1,2,1,Noibat,flying_dragon
126,30720,680,93,1250000,5.360214607,128,182.7210069,132,100,98,1,6,1,Noivern,flying_dragon
103,30720,581,71,1250000,1.5,78,60.02045521,144,80,103,2,4,1,Xerneas,fairy_fairy
132,30720,680,109,1250000,3.568969381,134,228.6857937,110,95,98,1,6,1,Yveltal,dark_flying
99,3840,570,96,1250000,1.611244264,70,20.76425803,95,95,113,2,7,1,Zygarde,dragon_ground
110,20480,580,82,1250000,2.080679739,110,198.3864052,90,85,101,1,2,1,Diancie,rock_fairy
130,30720,680,91,1250000,3.574532551,111,203.509349,115,138,92,1,3,1,Hoopa,psychic_ghost
131,30720,680,95,1250000,5.723108227,126,203.8650324,130,97,98,1,6,1,Volcanion,fire_water
107,30720,609,109,1250000,7.824321455,98,885.1756497,122,100,71,1,5,1,Rowlet,grass_flying
131,30720,698,97,1250000,1.949097338,80,60.06059841,160,120,108,1,3,1,Dartrix,grass_flying
128,30720,675,90,1250000,3.713324164,105,200.9192506,111,149,89,1,2,1,Decidueye,grass_ghost
102,30720,600,79,1095325,0.218652139,100,1.913478611,116,79,121,1,3,1,Litten,fire_fire
89,2582,599,106,1250000,1.692952155,90,422.797102,129,106,77,2,4,1,Torracat,fire_fire
75,20480,580,138,1250000,1.933292767,86,199.0073019,79,138,61,2,2,1,Incineroar,fire_dark
127,20480,580,91,1250000,1.909322287,91,259.5338856,72,89,108,1,5,1,Popplio,water_water
105,30720,585,84,1250000,1.5,76,68.49755412,112,91,114,2,5,1,Brionne,water_water
90,2560,600,105,1250000,1.630182828,91,408.6259716,128,105,78,1,4,1,Primarina,water_fairy
96,30720,582,84,1250000,1.5,83,65.44966024,106,94,117,2,4,1,Pikipek,normal_flying
131,30720,680,95,1250000,3.956272096,126,210.901691,131,98,99,1,6,1,Trumbeak,normal_flying
94,30720,600,113,1250000,1.03760659,79,78.24360461,130,113,69,1,6,1,Toucannon,normal_flying
96,20480,580,102,1250000,0.902946888,84,24.03026682,100,113,82,1,2,1,Yungoos,normal_normal
100,20480,580,89,1250000,1.960352514,89,58.60767357,125,84,90,1,1,1,Gumshoos,normal_normal
103,20480,580,79,1250000,1.096708444,84,32.35219356,125,82,105,1,2,1,Grubbin,bug_bug
116,30720,692,107,1250000,3.923430078,167,247.1353667,112,96,92,1,6,1,Charjabug,bug_electric
123,30720,589,79,1250000,1.5,83,64.21999873,126,80,96,3,5,1,Vikavolt,bug_electric
116,30720,600,97,1250000,1.43401368,72,82.23605472,121,97,94,1,5,1,Crabrawler,fighting_fighting
120,30720,697,91,1250000,3.163049546,120,326.4946208,167,102,95,2,4,1,Crabominable,fighting_ice
87,30720,598,87,1250000,1.481501599,72,50.80830668,134,92,123,1,4,1,Oricorio,fire_flying
99,30720,586,76,1250000,1.5,75,57.40648803,141,83,109,2,4,1,Cutiefly,bug_fairy
74,20480,580,89,1250000,1.423718453,90,48.98622828,128,90,107,1,4,1,Ribombee,bug_fairy
82,20480,580,121,1250000,2.049931927,95,218.4571141,90,93,96,1,3,1,Rockruff,rock_rock
160,30720,721,134,1250000,3.983032197,129,935.0260019,137,81,78,1,3,1,Lycanroc,rock_rock
170,30720,544,124,1250000,0.293105915,57,0.1,56,31,104,1,7,1,Wishiwashi,water_water
111,30720,703,103,1250000,3.8667581,164,307.4914864,135,97,90,2,5,1,Mareanie,poison_water
140,30720,699,95,1250000,3.783355252,121,213.3353701,140,98,102,1,5,1,Toxapex,poison_water
76,20480,580,110,1250000,1.989475694,98,186.0528125,92,113,88,2,2,1,Mudbray,ground_ground
100,30720,600,100,1250000,0.373861035,100,3.241970023,100,100,100,1,4,1,Mudsdale,ground_ground
133,30720,754,86,1250000,1.807002095,97,95.62361959,176,129,130,1,1,1,Dewpider,water_bug
103,30720,600,90,1250000,1.43136172,62,47.53903766,90,86,167,1,3,1,Araquanid,water_bug
148,30720,774,70,1250000,2.104798762,107,121.8952012,191,119,137,1,1,1,Fomantis,grass_grass
120,30720,715,117,1250000,3.303103318,116,321.6496531,123,120,117,1,4,1,Lurantis,grass_grass
91,20480,580,85,1250000,1.648033497,90,53.48861969,125,89,98,2,1,1,Morelull,grass_fairy
137,30720,694,89,1250000,1.782143553,80,60.25935291,162,122,102,1,3,1,Shiinotic,grass_fairy
128,30720,617,87,1250000,1.427214402,72,77.89738131,130,102,94,1,5,1,Salandit,poison_fire
100,20480,580,99,1250000,0.689729747,82,15.97912752,110,100,85,1,3,1,Salazzle,poison_fire
91,20480,580,82,1250000,0.997245254,85,30.85201933,127,82,110,1,4,1,Stufful,normal_fighting
143,30720,749,92,1250000,4.431449637,97,348.3439806,173,150,92,1,3,1,Bewear,normal_fighting
104,30720,591,66,1250000,5.480580522,199,848.1900697,107,62,52,1,6,1,Bounsweet,grass_grass
111,20480,580,93,1250000,0.3,78,0.3,111,93,91,1,4,1,Steenee,grass_grass
96,20480,580,95,1250000,1.749770462,87,51.21252741,117,91,90,1,1,1,Tsareena,grass_grass
120,30720,680,100,1250000,3.647985389,95,332.6879123,150,120,94,1,4,1,Comfey,fairy_fairy
54,30720,570,48,1250000,1.20928475,107,55.34525417,127,129,103,1,6,1,Oranguru,normal_psychic
99,30720,600,111,1250000,1.099234635,78,80.89693854,128,111,71,1,6,1,Passimian,fighting_fighting
120,30720,695,107,1250000,3.2,107,326.1689319,138,120,101,1,4,1,Wimpod,bug_water
135,30720,680,103,1250000,4.08281395,133,222.3183431,118,91,97,1,6,1,Golisopod,bug_water
78,20480,580,79,1250000,1.880168349,88,177.4050505,112,119,102,2,2,1,Sandygast,ghost_ground
101,30720,570,77,1250000,7.289031107,162,942.1061029,101,76,51,1,7,1,Palossand,ghost_ground
111,20480,580,79,1250000,0.755252731,79,18.21744675,115,87,105,1,3,1,Pyukumuku,water_water
91,20480,580,102,1250000,2.042359501,106,191.6595451,90,98,91,2,2,1,Type: Null,normal_normal
46,30720,441,124,1250000,2.330897244,56,999.9,48,123,42,1,7,1,Silvally,normal_normal
125,30720,649,104,1250000,3.015419429,121,230,118,89,90,1,7,1,Minior,rock_flying
134,30720,680,102,1250000,3.258837994,133,224.7064248,119,92,97,1,6,1,Komala,normal_normal
120,30720,680,100,1250000,3.463211114,97,331.5792667,150,120,92,1,4,1,Turtonator,fire_dragon
103,30720,582,74,1250000,1.445502796,79,63.12539097,143,83,97,2,5,1,Togedemaru,electric_steel
122,30720,680,89,1250000,3.886797619,119,164.7149406,121,133,93,1,4,1,Mimikyu,ghost_fairy
83,20480,580,79,1250000,1.910247163,91,178.9222447,112,101,111,2,2,1,Bruxish,water_psychic
80,3573,576,111,1250000,1.091483153,76,17.07136644,96,123,88,1,6,1,Drampa,normal_dragon
116,30720,632,96,1250000,2.975087466,100,217.2659204,120,115,83,1,4,1,Dhelmise,ghost_grass
111,3537,577,88,1250000,1.445825306,77,15.99017557,96,80,122,1,6,1,Jangmo-o,dragon_dragon
138,30720,596,86,1250000,1.5,87,66.79603507,111,80,92,3,5,1,Hakamo-o,dragon_fighting
92,30720,573,74,1250000,2.979126243,81,86.79463956,150,77,96,1,6,1,Kommo-o,dragon_fighting
30,30720,206,31,1250000,0.229028344,43,0.5517536,30,31,39,1,7,1,Tapu Koko,electric_fairy
141,30720,690,106,1250000,3.771564576,133,227.574509,119,90,98,1,6,1,Tapu Lele,psychic_fairy
142,30720,760,73,1250000,2.397454453,112,121.6025455,182,117,131,1,2,1,Tapu Bulu,grass_fairy
130,30720,680,92,1250000,4.844874427,116,201.0897489,120,124,94,1,4,1,Tapu Fini,water_fairy
120,30720,680,100,1250000,3.327752947,98,330.7665177,150,120,91,1,4,1,Cosmog,psychic_psychic
136,30720,697,120,1250000,3.032259497,108,333.9783752,120,108,103,1,4,1,Cosmoem,psychic_psychic
179,30720,778,99,1250000,6.957230687,105,206.5908848,179,99,114,1,3,1,Solgaleo,psychic_steel
157,30720,672,112,1250000,3.50312369,107,401.5428459,89,107,97,1,4,1,Lunala,psychic_ghost
108,3513,577,90,1250000,1.774495041,75,124.9428087,103,82,116,2,6,1,Nihilego,rock_poison
109,30720,600,119,1250000,1.711892644,80,195.5946322,129,89,70,1,6,1,Buzzwole,bug_fighting
127,30720,680,93,1250000,5.402122662,128,184.6534339,132,99,98,1,6,1,Pheromosa,bug_fighting
90,20480,580,121,1250000,2.086859332,91,243.4296659,90,79,108,1,5,1,Xurkitree,electric_electric
86,3840,570,75,1250000,1.2222205,70,18.67036492,128,113,96,2,7,1,Celesteela,steel_flying
118,20480,580,72,1250000,0.534758234,77,9.744504326,125,73,112,1,3,1,Kartana,grass_steel
111,30720,585,82,1250000,1.5,81,64.30341898,108,87,113,3,5,1,Guzzlord,dark_dragon
116,30720,658,116,1250000,6.129226138,99,743.8136219,141,100,84,1,4,1,Necrozma,psychic_psychic
146,30720,605,87,1250000,1.47623414,88,67.51070289,109,83,90,2,5,1,Magearna,steel_fairy
115,30720,600,98,1250000,1.400290056,72,82.10116022,121,98,92,1,5,1,Mewtwo,normal_psychic
117,30720,694,102,1250000,1.328723105,80,46.23672833,148,144,101,1,3,1,Latias (Eon),electric_fighting
108,30720,704,107,1250000,4.118333791,175,302.4096574,125,97,89,2,5,1,Mew,dragon_flying
165,30720,732,139,1250000,3.874328598,123,938.3958135,140,83,81,1,3,1,Mew,normal_ground
134,30720,680,109,1250000,3.551134832,94,340.4921435,135,110,95,1,4,1,Rayquaza,ghost_dragon
93,30720,600,90,1250000,1.652844173,54,58.37147492,104,90,167,1,3,1,Celebi,ice_fairy
130,30720,680,93,1250000,3.181366754,121,211.3726649,126,110,96,1,5,1,Giratina,steel_dragon
120,30720,680,99,1250000,4.189193789,90,335.9009431,150,119,99,2,4,1,Jirachi,water_steel
111,3840,570,87,1250000,1.757821645,70,20.5590497,95,79,126,2,7,1,Dialga,water_dragon
120,30720,680,100,1250000,4.040489706,91,335.0429382,150,120,98,1,4,1,Victini,fire_dragon
91,20480,580,77,1250000,1.942812088,95,182.2812088,109,94,111,2,2,1,Palkia,normal
104,30720,600,107,1250000,1.188335646,76,81.25334259,126,107,77,1,6,1,Cresselia,grass_fighting
95,30720,600,90,1250000,1.5,70,56.35654249,132,90,120,1,4,1,Arceus,dragon_ground
119,30720,680,105,1250000,3.643520348,120,215.2925092,119,114,102,1,4,1,Thundurus,ground_steel
112,30720,700,111,1250000,1.651438264,80,48.38127545,148,137,110,1,3,1,Zygarde,fairy
89,2593,599,105,1250000,1.687037772,90,419.3346789,130,106,77,2,4,1,Tornadus,bug_water
120,30720,680,118,1250000,5.347478619,102,686.9099251,148,100,90,2,4,1,Xerneas,dark_flying
94,30720,600,103,1250000,0.609222218,103,19.52048453,95,105,97,1,4,1,Landorus,flying_grass
154,30720,643,117,1250000,3.358054396,109,397.2737691,72,95,94,1,4,1,Yveltal,fire_flying
116,30720,600,94,1250000,1.525504007,68,79.73281522,116,94,109,1,4,1,Regice,dark_fire
95,30720,592,82,1250000,1.5,73,54.58640304,138,86,115,1,4,1,Ho-Oh,psychic_flying
96,3840,570,84,1250000,1.373594734,70,25.27099762,118,110,90,2,7,1,Regirock,psychic_dark
86,3748,572,76,1250000,1.135436381,72,17.3661175,127,113,95,1,6,1,Lugia,dragon_fire
119,30720,642,97,1250000,2.72094123,112,221.9764692,129,93,89,1,6,1,Registeel,rock_water
86,20480,580,95,1250000,1.975581408,90,205.209307,105,89,112,1,3,1,Reshiram,dragon_electric
101,30720,627,111,1250000,3.373931246,100,225.1303438,114,111,89,1,5,1,Regigigas,normal_rock
141,30720,685,111,1250000,2.929044255,107,339.1911489,134,100,91,1,5,1,Zekrom,psychic_steel
89,30720,587,94,1250000,1.5,93,71.19671929,97,104,107,2,4,1,Keldeo,dragon_steel
118,20480,580,86,1250000,1.9,90,240.0548121,82,92,109,1,4,1,Solgaleo,psychic_ghost
162,30720,740,102,1250000,5.562419106,117,215.8842086,153,95,107,1,4,1,Diancie,fairy_ice
97,30720,652,117,1250000,1.211544152,80,59.08115466,135,133,88,1,4,1,Lunala,poison_dragon
80,3840,570,94,1250000,1.247711395,70,19.84049626,113,122,90,2,7,1,Magearna,water_fairy
83,20480,580,167,1250000,1.830737728,80,213.657784,66,132,50,2,3,1,Necrozma,fairy_steel
103,30720,582,72,1250000,1.523068682,75,60.97693132,139,81,110,2,4,1,Marshadow,electric_flying
92,30720,680,129,1250000,5.123262406,107,216.596848,90,151,109,1,2,1,Eternatus,fighting_steel
77,20480,580,121,1250000,0.539888582,77,9.950902186,84,122,95,1,3,1,Tapu Koko,ghost_fairy
143,30720,753,90,1250000,4.15237158,105,345.7426884,177,146,91,1,3,1,Calyrex,water
80,20480,580,93,1250000,1.124251258,88,36.41719147,122,93,100,1,4,1,Tapu Lele,fighting_dragon
140,30720,600,90,1250000,1.5,87,66.55191816,107,80,93,2,4,1,Zacian,ground
100,30720,600,100,1250000,0.30250386,100,1.172611938,100,100,100,1,3,1,Tapu Bulu,ground_fighting
152,30720,753,67,1250000,1.775982261,99,105.7320452,187,122,123,1,2,1,Zamazenta,psychic_grass
125,30720,712,120,1250000,3.14374779,116,324.6876841,120,116,114,1,4,1,Tapu Fini,steel_ground
78,30720,321,63,1250000,0.232761704,48,0.1,38,31,60,1,7,1,Kyogre,steel_psychic
121,30720,600,90,1250000,0.747653749,95,13.71862772,86,79,127,1,4,1,Cosmoem,ice_ground
116,30720,694,103,1250000,1.332882116,80,45.87281483,148,144,101,1,3,1,Groudon,water_grass
76,3770,571,114,1250000,1.246069814,71,20.13218232,95,128,85,1,6,1,Cosmog,bug_grass
127,30720,719,81,1250000,3.216320393,124,120.7836796,159,112,113,1,4,1,Celebi,fire_water
103,30720,600,98,1082320,0.6,100,5.177192051,97,97,103,1,2,1,Lunala,fire_steel
100,30720,583,83,1250000,1.265896279,83,50.92414974,108,91,116,2,4,1,Jirachi,electric_fairy
119,30720,719,120,1250000,3.258408674,123,318.8512961,119,119,118,1,4,1,Solgaleo,dragon_bug
84,3840,570,77,1250000,1.205590971,70,18.74536523,128,115,94,2,7,1,Manaphy,psychic_fairy
88,30720,499,61,1250000,1.225193318,71,48.12636389,120,69,87,2,5,1,Necrozma,flying_bug
93,30720,680,126,1250000,5.070689619,106,214.4298025,91,154,108,2,2,1,Phione,grass_steel
123,30720,692,95,1250000,2.787141674,102,83.61425022,150,114,104,1,4,1,Zamacenta,psychic_rock
79,20480,580,117,1250000,0.861635377,81,22.40436377,83,127,90,1,2,1,Shaymin,steel_flying
108,30720,600,108,1250000,1.134953867,82,77.12615333,123,105,72,1,6,1,Zamazenta,water_bug
92,20480,580,115,1250000,0.3,77,0.3,92,115,86,1,4,1,Meloetta,bug_fighting
110,20480,580,83,1250000,2.073222674,111,195.3222674,93,78,102,2,2,1,Calyrex,grass_dark
95,30720,596,88,1250000,1.665426972,55,61.18030331,97,90,169,1,3,1,Volcanion,rock_poison
105,30720,700,116,1250000,1.504072195,80,43.46907315,143,144,110,1,3,1,Shadow Mewtwo,ice_flying
88,20480,580,76,1250000,1.924301212,93,180.4301212,111,96,113,2,2,1,Tapu Koko,ghost_fighting
115,30720,655,89,1250000,4.718883587,165,780.205935,114,89,79,2,4,1,Shadow Lugia,fire_rock
115,20480,580,86,1250000,0.3,77,0.3,115,86,98,1,4,1,Tapu Lele,ice_fire
109,20480,580,94,1250000,2.1,109,209.3088429,90,74,101,1,2,1,Shadow Rayquaza,dragon_water
130,30720,680,90,1250000,4.117913261,109,199.6358265,113,145,91,1,2,1,Tapu Bulu,normal_flying
150,30720,679,119,1250000,2.954075256,100,350.0695553,117,100,90,1,4,1,Shadow Giratina,normal_ghost
140,30720,641,76,1250000,1.325071199,75,71.43832585,145,113,89,1,5,1,Tapu Fini,fire_ghost
76,20480,580,124,1250000,0.562245342,77,10.62122737,78,129,93,1,3,1,Shadow Zekrom,fairy_normal
102,30720,580,75,1250000,1.5,79,62.09097287,125,85,111,3,5,1,Kartana,ground_flying
95,30720,588,84,1250000,1.5,75,57.59107642,120,90,122,2,4,1,Shadow Reshiram,bug_fire
73,20480,580,147,1250000,1.89584309,80,203.752927,76,152,50,2,3,1,Celesteela,grass_fairy
72,30720,585,69,1250000,1.359603676,88,52.83993874,131,109,114,1,5,1,Shadow Yveltal,fighting_rock
102,30720,580,75,1250000,1.5,79,62.10037886,125,85,112,3,5,1,Nihilego,rock_flying
93,20480,580,102,1250000,1.108769031,85,32.13083829,99,116,82,1,2,1,Shadow Xerneas,steel_fighting
145,30720,762,94,1250000,4.317064675,102,347.4969766,171,154,94,1,3,1,Buzzwole,bug_steel
100,30720,600,100,1250000,0.327557863,100,1.899178024,100,100,100,1,3,1,Shadow Ho-Oh,electric_bug
115,30720,594,105,1250000,0.381188926,92,3.266368109,92,87,101,1,5,1,Pheromosa,dark_ground
120,30720,679,100,1250000,4.191837888,90,337.3712347,148,119,100,1,4,1,Shadow Lugia (XD),grass_steel
100,30720,594,94,1250000,0.723150737,93,21.33263043,102,97,106,1,5,1,Stakataka,dragon_fairy
94,20480,580,91,1250000,1.19742004,86,36.40389853,118,94,93,1,1,1,Shadow Celebi,ghost_normal
135,30720,680,103,1250000,3.293941933,134,226.0228225,117,91,97,1,6,1,Blacephalon,fairy_flying
88,3840,570,105,1250000,1.462708394,70,20.97220825,95,112,99,2,7,1,Shadow Jirachi,ice_dragon
177,30720,572,127,1250000,0.402188915,61,5.882189454,62,35,107,1,6,1,Cresselia,ice_steel
101,30720,600,89,1166980,0.256337739,100,1.536622614,108,89,111,1,3,1,Shadow Manaphy,fairy_ground
84,20480,580,101,1250000,1.620075391,89,52.25439576,93,125,85,1,1,1,Thundurus,fighting_fairy
90,30720,586,92,1250000,1.5,92,70.27983278,98,102,109,2,4,1,Shadow Phione,water_ghost
119,30720,632,103,1250000,2.809644213,113,230,121,89,86,1,7,1,Tornadus,ghost_steel
119,20480,580,86,1250000,2.029539093,106,219.8428812,83,80,102,1,3,1,Shadow Victini,fighting_water
103,30720,580,73,1250000,1.5,79,61.69290576,132,83,107,3,5,1,Landorus,electric_ground
102,30720,578,70,1250000,1.924811577,79,68.20332674,150,78,97,2,5,1,Shadow Cresselia,dragon_normal
125,30720,591,85,1250000,1.5,84,65.83637255,107,84,103,3,5,1,Latios,fire_fighting
96,30720,574,70,1250000,2.726059754,81,81.78970887,159,75,91,1,6,1,Shadow Thundurus,steel_water
104,2983,590,95,1250000,0.796451081,90,7.721477098,98,91,109,1,4,1,Latias,water_fighting
100,30720,600,100,1250000,0.375101104,100,3.277932012,100,100,100,1,4,1,Shadow Tornadus,ground_grass
150,30720,703,112,1250000,3.323080363,100,346.8509766,135,115,90,1,4,1,Regice,rock_ghost
168,30720,752,101,1250000,6.008039991,113,212.9752945,161,96,110,1,4,1,Shadow Landorus,bug_ice
77,20480,580,136,1250000,1.917430529,81,204.1284736,77,146,60,1,3,1,Registeel,dragon_fighting
97,20480,580,95,1250000,0.921025867,84,25.28434835,114,97,89,1,2,1,Shadow Latios,flying_ghost
79,20480,580,98,1250000,1.958835893,95,183.2952303,100,108,97,2,2,1,Regirock,psychic_bug
148,30720,765,90,1250000,4.40174853,101,350.2314735,179,156,90,1,3,1,Shadow Latias,fire_normal
166,30720,735,141,1250000,3.847003231,121,939.2428998,140,83,81,1,3,1,Regigigas,electric_fighting
147,30720,598,92,1250000,1.424709985,87,63.73983999,102,76,92,2,5,1,Shadow Regice,ghost_dark
132,30720,680,97,1250000,3.088067302,128,218.3025238,127,96,98,1,6,1,Keldeo,dragon_fighting
127,30720,572,47,1250000,1.726263675,72,34.33993454,130,50,143,1,6,1,Shadow Regirock,electric_psychic
130,30720,699,99,1250000,1.982784606,80,60.02049452,160,120,109,1,3,1,Diancie,normal_dark
155,30720,674,114,1250000,3.300074193,105,382.5069556,99,105,95,1,4,1,Shadow Registeel,fire_fairy
111,30720,697,111,1250000,5.295842249,182,254.4240906,105,96,90,1,6,1,Magearna,ghost_ice
33,30720,220,33,1250000,0.271588838,44,3.453661741,35,33,40,1,6,1,Shadow Regigigas,ground_dragon
108,30720,600,97,1250000,0.385913553,100,2.646443962,93,93,108,1,3,1,Marshadow,electric_fighting
118,30720,680,89,1250000,3.939532657,127,143.8846006,128,121,94,1,5,1,Shadow Keldeo,steel_bug
105,20480,580,155,1250000,1.855956161,93,217.5235071,65,90,69,2,2,1,Zeraora,grass_fire
97,30720,600,112,1250000,1.056777314,78,80.72710926,128,112,68,1,6,1,Shadow Diancie,fairy_water
135,30720,680,103,1250000,3.279126284,133,225.4672356,118,91,97,1,6,1,Naganadel,fire_ground
111,20480,580,107,1250000,1.988501519,91,255.574924,79,82,108,1,5,1,Shadow Magearna,ice_rock
93,20480,580,86,1250000,1.725896232,90,54.92908029,125,88,96,2,1,1,Poipole,bug_flying
108,30720,700,114,1250000,1.563283316,80,45.44277719,145,141,110,1,3,1,Shadow Tapu Koko,fighting_ice
123,30720,679,100,1250000,3.247497089,100,338.5494761,143,119,90,1,4,1,Victini,ice_steel
140,30720,680,113,1250000,2.993473761,100,340.326312,129,106,90,1,5,1,Shadow Tapu Lele,dragon_rock
141,30720,743,92,1250000,4.115214783,100,345.4882502,171,148,90,1,3,1,Jirachi,fighting_water
90,30720,676,128,1250000,5.09393166,105,216.5303417,91,151,108,1,2,1,Shadow Tapu Bulu,poison_flying
126,30720,600,90,1250000,0.583281642,100,6.199069547,78,78,126,1,4,1,Celebi,dark_psychic
129,30720,600,97,1250000,1.343418113,86,71.91454718,112,90,82,2,5,1,Shadow Tapu Fini,bug_psychic
100,30720,600,100,1059860,0.581967434,100,4.909837168,100,100,100,1,1,1,Manaphy,water_grass
100,30720,600,93,1059860,0.347433158,100,3.500614997,105,93,107,1,1,1,Shadow Zeraora,dark_grass
95,30720,651,119,1250000,4.214056576,102,220.9297171,103,131,99,1,3,1,Phione,fairy_rock
91,2970,590,104,1250000,0.620521256,90,7.746320869,98,109,95,1,4,1,Shadow Marshadow,normal_ice
112,20480,580,80,1250000,1.183293439,82,31.31918724,125,77,102,1,2,1,Meloetta,dragon_ice
113,30720,593,90,1250000,1.5,73,76.60546911,116,93,105,1,5,1,Shadow Victini,ghost_fighting
131,30720,680,96,1250000,5.43622295,127,207.0924918,128,96,98,1,6,1,Volcanion,electric_water
138,30720,600,91,1250000,1.5,84,71.87873958,109,84,93,2,5,1,Shadow Cresselia,steel_fire
93,2666,597,106,1250000,1.716658421,89,397.9741855,126,105,76,2,4,1,Shadow Mewtwo,poison_normal
101,30720,600,104,1250000,1.5,88,83.62425179,103,107,93,1,4,1,Shadow Zygarde,water_flying
123,3559,576,111,1250000,1.549498397,76,35.83929956,88,96,80,1,6,1,Shadow Lugia,fire_dark
96,30720,582,85,1250000,1.5,84,66.01330076,105,95,116,2,4,1,Shadow Xerneas,grass_ghost
131,30720,680,95,1250000,5.358431903,126,204.8924347,131,98,99,1,6,1,Shadow Rayquaza,bug_water
94,20480,580,91,1250000,1.176539714,86,35.56386697,118,94,93,1,1,1,Shadow Yveltal,dragon_dark
125,30720,591,85,1250000,1.5,84,65.81861084,107,84,104,3,5,1,Shadow Giratina,psychic_ghost
90,20480,580,72,1250000,2.001949723,91,199.9610055,90,127,107,1,4,1,Shadow Giratina,fairy_bug
99,30720,680,120,1250000,4.859377319,106,211.8638674,94,154,105,2,2,1,Shadow Zekrom,steel_flying
102,30720,580,74,1250000,1.5,79,61.87568352,129,84,109,3,5,1,Shadow Rayquaza,electric_grass
69,20480,580,100,1250000,1.743244253,85,107.120127,97,157,69,2,1,1,Shadow Reshiram,ice_fighting
142,30720,752,90,1250000,4.119496992,106,345.1509459,177,144,91,1,3,1,Mewtwo (Mega X),fire_ground
75,20480,580,114,1250000,1.998186759,99,186.8368083,90,114,85,2,2,1,Shadow Yveltal,rock_fairy
148,30720,715,96,1250000,6.222797847,118,204.2331604,148,98,104,1,4,1,Mewtwo (Mega Y),psychic_grass
148,30720,680,119,1250000,2.914710783,100,344.2644609,121,100,90,1,5,1,Shadow Xerneas,grass_normal
96,30720,576,77,1250000,2.237581946,80,74.86544869,130,83,108,2,5,1,Rayquaza (Mega),ice_bug
120,30720,720,119,1250000,3.219897593,119,320.4897869,120,120,119,1,3,1,Shadow Ho-Oh,dragon_grass
89,20480,580,119,1250000,2.066643843,90,237.9917836,94,76,109,1,4,1,Groudon (Primal),steel_fairy
120,30720,717,116,1250000,3.175420767,120,320.6144808,126,117,116,1,4,1,Shadow Lugia (XD),flying_bug
61,30720,571,52,1250000,1.253809673,103,56.84524183,123,123,106,1,6,1,Kyogre (Primal),normal_fighting
88,20480,580,76,1250000,1.9,90,184.3042495,111,99,114,1,2,1,Shadow Celebi,electric_dragon
102,30720,580,74,1250000,1.5,79,61.80570838,130,84,109,3,5,1,Diancie (Mega),dark_steel
103,30720,600,98,1086537,0.428060644,100,4.350758055,96,96,103,1,1,1,Shadow Jirachi,ghost_normal
125,20480,580,88,1250000,1.944600167,96,246.1739481,76,86,106,1,4,1,Latias (Mega),fighting_normal
120,30720,711,107,1250000,3.114014356,122,322.1496411,141,111,109,1,4,1,Shadow Manaphy,fairy_steel
146,30720,684,120,1250000,2.933981802,102,342.1681832,120,102,93,1,4,1,Latios (Mega),bug_normal
102,30720,582,81,1250000,1.5,77,65.56717649,111,90,118,2,5,1,Shadow Phione,water_fairy
100,30720,600,100,1209723,0.442365439,100,4.211827193,100,100,100,1,4,1,Gardevoir (Mega),ghost_grass
139,30720,686,109,1250000,2.934911867,108,338.0176266,137,100,91,1,5,1,Shadow Victini,fighting_dark
156,30720,673,113,1250000,3.403038726,106,392.1598806,94,106,96,1,4,1,Sableye (Mega),electric_rock
155,30720,674,114,1250000,3.325766405,105,384.9156005,98,105,95,1,4,1,Shadow Cresselia,fire_rock
122,20480,580,71,1250000,0.358645846,75,2.869754348,125,71,114,1,4,1,Mawile (Mega),flying_steel
111,30720,605,117,1250000,1.840608143,81,195.267825,128,94,71,1,5,1,Shadow Thundurus,poison_fighting
92,20480,580,115,1250000,0.3,77,0.3,92,115,86,1,4,1,Lopunny (Mega),water_dark
106,30720,680,113,1250000,4.636407977,106,209.1563826,98,154,101,2,2,1,Shadow Tornadus,electric_ice
103,30720,570,69,1250000,1.467363658,78,59.4711129,142,78,99,2,5,1,Medicham (Mega),grass_flying
123,30720,680,101,1250000,5.683489177,122,205.5244012,123,108,101,1,5,1,Shadow Landorus,ghost_steel
117,30720,718,120,1250000,3.454700746,133,314.9908853,115,116,115,1,4,1,Ampharos (Mega),dragon_fairy
130,30720,680,91,1250000,4.576656802,113,200.5533136,118,132,93,1,3,1,Shadow Latios,ground_fairy
86,3723,572,77,1250000,1.11811275,72,17.03504367,127,113,95,1,6,1,Gengar (Mega),fire_electric
90,2560,600,105,1250000,1.614945414,91,403.9611461,128,105,78,1,4,1,Shadow Latias,normal_ground
120,30720,691,105,1250000,3.2,105,327.0245113,141,120,98,1,4,1,Blastoise (Mega),psychic_flying
120,30720,680,100,1250000,4.006635107,91,334.8398106,150,120,98,1,4,1,Shadow Regice,ice_dragon
114,30720,680,105,1250000,4.331725233,106,205.4566635,102,154,97,2,2,1,Charizard (Mega X),rock_fighting
155,30720,681,64,1250000,1.176898605,80,59.52137207,167,131,82,1,5,1,Shadow Regirock,rock_ghost
120,30720,697,91,1250000,3.164974639,120,326.5122675,167,102,95,2,4,1,Charizard (Mega Y),ice_grass
120,30720,680,101,1250000,4.588305012,145,743.4261825,122,100,90,2,4,1,Shadow Registeel,bug_psychic
89,20480,580,87,1250000,1.615511155,90,53.03431233,120,95,97,2,1,1,Beedrill (Mega),dark_ghost
127,30720,717,90,1250000,3.384320128,118,331.9177623,172,115,93,2,4,1,Shadow Regigigas,water_flying
164,30720,780,84,1250000,4.388700561,105,162.3690395,187,110,128,1,1,1,Pidgeot (Mega),fairy_fighting
126,30720,700,97,1250000,3.495883307,100,335.007256,156,129,90,1,4,1,Shadow Keldeo,fighting_grass
96,2778,594,107,1250000,1.734197866,87,364.254602,122,104,76,2,4,1,Alakazam (Mega),electric_fairy
101,30720,600,86,1143832,0.244163364,100,1.658366357,111,86,115,1,3,1,Shadow Diancie,fairy_dark
104,20480,580,78,1250000,1.962549034,91,222.4705798,83,114,108,1,5,1,Tyranitar (Mega),bug_ground
76,20480,580,107,1250000,1.981493025,98,185.3343722,94,112,90,2,2,1,Shadow Magearna,dragon_flying
36,30720,417,128,1250000,1.039771476,48,999.9,37,127,39,1,7,1,Abomasnow (Mega),fighting_ghost
95,30720,657,107,1250000,1.442000701,75,44.41007362,137,124,116,1,3,1,Shadow Tapu Koko,electric_grass
125,30720,700,102,1250000,1.914883554,80,57.16278514,157,124,110,1,3,1,Aggron (Mega),steel_grass
102,20480,580,98,1250000,1.063319958,84,27.10600089,113,96,84,1,2,1,Shadow Tapu Lele,fire_fighting
98,30720,583,81,1250000,1.5,77,60.74673622,114,90,121,2,4,1,Gyarados (Mega),ice_normal
127,30720,678,101,1250000,4.35905432,142,691.8599071,112,101,91,2,4,1,Shadow Tapu Bulu,steel_ground
150,30720,725,104,1250000,3.708089018,100,348.5353895,150,130,90,1,3,1,Pinsir (Mega),fire_psychic
90,30720,600,92,1250000,1.459897087,70,52.90617475,134,92,120,1,4,1,Shadow Tapu Fini,ghost_water
72,30720,584,79,1250000,1.105238697,95,67.34516283,128,123,84,1,7,1,Aerodactyl (Mega),water_rock
134,30720,680,109,1250000,3.050514054,100,337.4742973,135,110,90,1,5,1,Shadow Zeraora,bug_fairy
98,30720,600,91,1250000,1.5,70,59.11519927,130,91,118,1,4,1,Sharpedo (Mega),flying_normal
75,20480,580,117,1250000,1.994225103,98,188.0394815,89,117,82,2,2,1,Shadow Marshadow,rock_flying
93,3840,570,115,1250000,1.505803653,70,29.53504794,91,117,81,2,7,1,Houndoom (Mega),ground_ice
100,30720,600,98,1059860,0.391086213,100,3.91531902,100,98,101,1,1,1,Latios (Eon),water_steel
